Titre,Lien,Entreprise,Lieu,DateDebut,DateFin,Postes
"Operations Manager | Rabat (Maroc)",https://www.rekrute.com/offre-emploi-operations-manager-recrutement-foundever-ex-sitel-group-rabat-177801.html,"","","08/12/2025","08/02/2026","2"
"Sales Manager - OUTREACH | Ifrane (Maroc)",https://www.rekrute.com/offre-emploi-sales-manager---outreach-recrutement-al-akhawayn-university-ifrane-177800.html,"","","08/12/2025","08/02/2026","1"
"Agent de Maintenance Mécanicien | Meknès (Maroc)",https://www.rekrute.com/offre-emploi-agent-de-maintenance-mecanicien-recrutement-confidentiel-meknes-177185.html,"","","08/12/2025","19/01/2026","1"
"Hôtesse d'accueil AUDI (contrat intérimaire) | Casablanca (Maroc)",https://www.rekrute.com/offre-emploi-hotesse-daccueil-audi-contrat-interimaire-recrutement-cac-centrale-automobile-cherifienne-casablanca-177799.html,"","","08/12/2025","08/02/2026","1"
"Full stack developer | Benguerir (Maroc)",https://www.rekrute.com/offre-emploi-full-stack-developer-recrutement-um6p---universite-mohammed-vi-polytechnique-benguerir-177798.html,"","","08/12/2025","08/02/2026","1"
"Ingénierie Détaillé IP/WDM (H/F) | Rabat (Maroc)",https://www.rekrute.com/offre-emploi-ingenierie-detaille-ipwdm-hf-recrutement-btechnologie-rabat-177170.html,"","","08/12/2025","17/01/2026","1"
"Ingénieur Conception Radio Junior (H/F) | Rabat (Maroc)",https://www.rekrute.com/offre-emploi-ingenieur-conception-radio-junior-hf-recrutement-btechnologie-rabat-177169.html,"","","08/12/2025","17/01/2026","3"
"Ingénieur Conception Radio Confirmé - Atoll Mandatory (H/F) | Rabat (Maroc)",https://www.rekrute.com/offre-emploi-ingenieur-conception-radio-confirme---atoll-mandatory-hf-recrutement-btechnologie-rabat-177168.html,"","","08/12/2025","17/01/2026","3"
"Ingénieur Méthode QOS mobile 2G/3G/4G/5G (H/F) | Rabat (Maroc)",https://www.rekrute.com/offre-emploi-ingenieur-methode-qos-mobile-2g3g4g5g-hf-recrutement-btechnologie-rabat-177161.html,"","","08/12/2025","17/01/2026","1"
"Junior Data Analyst – SQL Mandatory (H/F) | Rabat (Maroc)",https://www.rekrute.com/offre-emploi-junior-data-analyst-sql-mandatory-hf-recrutement-btechnologie-rabat-177335.html,"","","08/12/2025","24/01/2026","1"
"Ingénieur Réseaux et Système H/F | Rabat (Maroc)",https://www.rekrute.com/offre-emploi-ingenieur-reseaux-et-systeme-hf-recrutement-btechnologie-rabat-177249.html,"","","08/12/2025","20/01/2026","1"
"Comptable SAP S/4HANA | Rabat (Maroc)",https://www.rekrute.com/offre-emploi-comptable-sap-s4hana-recrutement-btechnologie-rabat-177099.html,"","","08/12/2025","14/01/2026","1"
"Ingénierie Détaillé IP/WDM Senior (H/F) | Rabat (Maroc)",https://www.rekrute.com/offre-emploi-ingenierie-detaille-ipwdm-senior-hf-recrutement-btechnologie-rabat-177171.html,"","","08/12/2025","17/01/2026","1"
"Chef de Projet Financier Transverse SAP S4/ HANA (H/F) | Rabat (Maroc)",https://www.rekrute.com/offre-emploi-chef-de-projet-financier-transverse-sap-s4-hana-hf-recrutement-btechnologie-rabat-177145.html,"","","08/12/2025","17/01/2026","1"
"Ingénieur Expert QOS – Troubleshooting Radio Mobile (H/F) | Rabat (Maroc)",https://www.rekrute.com/offre-emploi-ingenieur-expert-qos-troubleshooting-radio-mobile-hf-recrutement-btechnologie-rabat-177154.html,"","","08/12/2025","17/01/2026","1"
"Expert(e) Réseaux N3 – LAN/WAN/SD-WAN – Support Client B2B | Rabat (Maroc)",https://www.rekrute.com/offre-emploi-experte-reseaux-n3-lanwansd-wan-support-client-b2b-recrutement-btechnologie-rabat-177152.html,"","","08/12/2025","19/01/2026","1"
"Manager Déploiement Réseaux – FTTA & WDM (H/F) | Rabat (Maroc)",https://www.rekrute.com/offre-emploi-manager-deploiement-reseaux-ftta-wdm-hf-recrutement-btechnologie-rabat-177158.html,"","","08/12/2025","17/01/2026","1"
"Expert Méthode et Opérations (H/F) | Rabat (Maroc)",https://www.rekrute.com/offre-emploi-expert-methode-et-operations-hf-recrutement-btechnologie-rabat-177413.html,"","","08/12/2025","26/01/2026","2"
"Change Manager (H/F) | Rabat (Maroc)",https://www.rekrute.com/offre-emploi-change-manager-hf-recrutement-btechnologie-rabat-177410.html,"","","08/12/2025","26/01/2026","2"
"Ingénieur QOS/QOD (Python, KAFKA) H/F | Rabat (Maroc)",https://www.rekrute.com/offre-emploi-ingenieur-qosqod-python-kafka-hf-recrutement-btechnologie-rabat-177250.html,"","","08/12/2025","03/02/2026","1"
"Commercial BTP (H/F) | Marrakech (Maroc)",https://www.rekrute.com/offre-emploi-commercial-btp-hf-recrutement-carl-rogers-consulting-marrakech-177797.html,"","","08/12/2025","08/02/2026","1"
"Opératrice de saisie & Service Téléphonique | Casablanca (Maroc)",https://www.rekrute.com/offre-emploi-operatrice-de-saisie-service-telephonique-recrutement-interlens-casablanca-177595.html,"","","08/12/2025","08/02/2026","1"
"Assistante Administrative | Meknès (Maroc)",https://www.rekrute.com/offre-emploi-assistante-administrative-recrutement-confidentiel-meknes-177796.html,"","","08/12/2025","08/02/2026","1"
"Responsable Maintenance (H/F) - Grand Cérame | Berrechid (Maroc)",https://www.rekrute.com/offre-emploi-responsable-maintenance-hf---grand-cerame-recrutement-grand-cerame-berrechid-176647.html,"","","08/12/2025","30/12/2025","1"
"Chef Comptable (H/F) - Grand Cérame | Berrechid (Maroc)",https://www.rekrute.com/offre-emploi-chef-comptable-hf---grand-cerame-recrutement-grand-cerame-berrechid-176663.html,"","","08/12/2025","30/12/2025","1"
"Responsable Maintenance (H/F) - Vitale Industrie | Casablanca (Maroc)",https://www.rekrute.com/offre-emploi-responsable-maintenance-hf---vitale-industrie-recrutement-grand-cerame-casablanca-176654.html,"","","08/12/2025","30/12/2025","1"
"Responsable HSE (H/F) - Grand Cérame | Berrechid (Maroc)",https://www.rekrute.com/offre-emploi-responsable-hse-hf---grand-cerame-recrutement-grand-cerame-berrechid-176657.html,"","","08/12/2025","30/12/2025","1"
"Responsable Marketing (H/F) - Vitale Industrie | Casablanca (Maroc)",https://www.rekrute.com/offre-emploi-responsable-marketing-hf---vitale-industrie-recrutement-grand-cerame-casablanca-176656.html,"","","08/12/2025","30/12/2025","1"
"Commerciaux sédentaires en assurance : Variable déplafonné, transport assuré ... | Casablanca (Maroc)",https://www.rekrute.com/offre-emploi-commerciaux-sedentaires-en-assurance-variable-deplafonne-transport-assure-...-recrutement-eca-assurances-casablanca-176576.html,"","","08/12/2025","28/12/2025","10"
"Responsable Groupe d'Agence (Dakhla, Guelmim) | Dakhla (Maroc)",https://www.rekrute.com/offre-emploi-responsable-groupe-dagence-dakhla-guelmim-recrutement-confidentiel-dakhla-177795.html,"","","08/12/2025","08/02/2026","2"
"Administrateur Windows N3 | Casablanca (Maroc)",https://www.rekrute.com/offre-emploi-administrateur-windows-n3-recrutement-inetum-casablanca-177794.html,"","","08/12/2025","08/02/2026","2"
"Technicien Support Hispanophone | Casablanca (Maroc)",https://www.rekrute.com/offre-emploi-technicien-support-hispanophone-recrutement-inetum-casablanca-177793.html,"","","08/12/2025","08/02/2026","2"
"Consultant senior Ariba | Casablanca (Maroc)",https://www.rekrute.com/offre-emploi-consultant-senior-ariba-recrutement-inetum-casablanca-177792.html,"","","08/12/2025","08/02/2026","1"
"Data Engineer Confirmée - Microsoft Fabric | Casablanca (Maroc)",https://www.rekrute.com/offre-emploi-data-engineer-confirmee---microsoft-fabric-recrutement-inetum-casablanca-177791.html,"","","08/12/2025","08/02/2026","1"
"Data Engineer Sénior - Microsoft Fabric | Casablanca (Maroc)",https://www.rekrute.com/offre-emploi-data-engineer-senior---microsoft-fabric-recrutement-inetum-casablanca-177790.html,"","","08/12/2025","08/02/2026","1"
"Service Delivery Manager | Casablanca (Maroc)",https://www.rekrute.com/offre-emploi-service-delivery-manager-recrutement-inetum-casablanca-177789.html,"","","08/12/2025","08/02/2026","1"
"Expert Cloud | Casablanca (Maroc)",https://www.rekrute.com/offre-emploi-expert-cloud-recrutement-inetum-casablanca-177788.html,"","","08/12/2025","08/02/2026","1"
"Ingénieur Études & Travaux Industriels. | Dakhla (Maroc)",https://www.rekrute.com/offre-emploi-ingenieur-etudes-travaux-industriels.-recrutement-orh-assessment-dakhla-177787.html,"","","08/12/2025","08/02/2026","1"
"Eca recrute des conseillers clientèle en accompagnement de crédit en ligne (4500 dh+primes+...) | Casablanca (Maroc)",https://www.rekrute.com/offre-emploi-eca-recrute-des-conseillers-clientele-en-accompagnement-de-credit-en-ligne-4500-dhprimes...-recrutement-eca-assurances-casablanca-176378.html,"","","08/12/2025","21/12/2025","5"
"Responsable Logistique Sénior (Ingénieur) | Casablanca (Maroc)",https://www.rekrute.com/offre-emploi-responsable-logistique-senior-ingenieur-recrutement-cac-centrale-automobile-cherifienne-casablanca-177786.html,"","","08/12/2025","08/02/2026","2"
"Auditeur Interne (H/F) | Tanger (Maroc)",https://www.rekrute.com/offre-emploi-auditeur-interne-hf-recrutement-tmsa-tanger-177785.html,"","","08/12/2025","08/02/2026","08/02/2026"
"Conseiller Relation Client (H/F) - Contrat Intérim | Casablanca (Maroc)",https://www.rekrute.com/offre-emploi-conseiller-relation-client-hf---contrat-interim-recrutement-cac-centrale-automobile-cherifienne-casablanca-176823.html,"","","08/12/2025","04/01/2026","3"
"Analyste sécurité des application et projets (H/F) Salé Technopolis | Rabat (Maroc)",https://www.rekrute.com/offre-emploi-analyste-securite-des-application-et-projets-hf-sale-technopolis-recrutement-axa-services-maroc-rabat-177560.html,"","","08/12/2025","01/02/2026","1"
"Commerciaux Seniors IT | Casablanca-Settat, Morocco (Maroc)",https://www.rekrute.com/offre-emploi-commerciaux-seniors-it-recrutement-dxc---cdg-casablanca-settat-morocco-176768.html,"","","08/12/2025","03/01/2026","2"
"Comptable sénior | Nouaceur (Maroc)",https://www.rekrute.com/offre-emploi-comptable-senior-recrutement-figeac-aero-maroc-nouaceur-177784.html,"","","08/12/2025","08/02/2026","1"
"Acheteur SEA - Media Buyer | Rabat (Maroc)",https://www.rekrute.com/offre-emploi-acheteur-sea---media-buyer-recrutement-btechnologie-rabat-177783.html,"","","08/12/2025","08/02/2026","4"
"Chef d'Agence Adjoint (H/F) | Rabat (Maroc)",https://www.rekrute.com/offre-emploi-chef-dagence-adjoint-hf-recrutement-sorec-rabat-177782.html,"","","08/12/2025","08/02/2026","1"
"Ingénieur Supply Chain Planning | Casablanca (Maroc)",https://www.rekrute.com/offre-emploi-ingenieur-supply-chain-planning-recrutement-capgemini-engineering-casablanca-176726.html,"","","08/12/2025","02/01/2026","02/01/2026"
"Chef de projet sénior | Nouaceur (Maroc)",https://www.rekrute.com/offre-emploi-chef-de-projet-senior-recrutement-figeac-aero-maroc-nouaceur-177781.html,"","","08/12/2025","08/02/2026","1"
"Media Officer | Ifrane (Maroc)",https://www.rekrute.com/offre-emploi-media-officer-recrutement-al-akhawayn-university-ifrane-177780.html,"","","08/12/2025","08/02/2026","1"
"Stagiaire en Finance | Sala Al Jadida (Maroc)",https://www.rekrute.com/offre-emploi-stagiaire-en-finance-recrutement-econocom-maroc-sala-al-jadida-177779.html,"","","08/12/2025","08/02/2026","1"
"Dean’s Office Assistant | Ifrane (Maroc)",https://www.rekrute.com/offre-emploi-deans-office-assistant-recrutement-al-akhawayn-university-ifrane-177778.html,"","","08/12/2025","08/02/2026","1"
"Technicien(ne) Mécanique Junior | Fès (Maroc)",https://www.rekrute.com/offre-emploi-technicienne-mecanique-junior-recrutement-capgemini-engineering-fes-177008.html,"","","08/12/2025","12/01/2026","12/01/2026"
"Technicien(ne) Industriel Débutant | Fès (Maroc)",https://www.rekrute.com/offre-emploi-technicienne-industriel-debutant-recrutement-capgemini-engineering-fes-177295.html,"","","08/12/2025","21/02/2026","21/02/2026"
"Ingénieur Junior en Supply chain | Fès (Maroc)",https://www.rekrute.com/offre-emploi-ingenieur-junior-en-supply-chain-recrutement-capgemini-engineering-fes-177006.html,"","","08/12/2025","12/01/2026","12/01/2026"
"Ingénieur Mécatronique Junior | Fès (Maroc)",https://www.rekrute.com/offre-emploi-ingenieur-mecatronique-junior-recrutement-capgemini-engineering-fes-177025.html,"","","08/12/2025","12/01/2026","12/01/2026"
"Chargé(e) ADV | Nouaceur (Maroc)",https://www.rekrute.com/offre-emploi-chargee-adv-recrutement-figeac-aero-maroc-nouaceur-177777.html,"","","08/12/2025","08/02/2026","1"
"Manager de Rayon Epicerie / Biscuiterie | Tanger et périphérie (Maroc)",https://www.rekrute.com/offre-emploi-manager-de-rayon-epicerie-biscuiterie-recrutement-groupe-labelvie---carrefour-tanger-et-peripherie-177776.html,"","","08/12/2025","08/02/2026","1"
"Manager de Rayon APLS (Autres Produits Libre Service) - Expérience en Distribution Exigée | Marrakech-Safi, Maroc (Maroc)",https://www.rekrute.com/offre-emploi-manager-de-rayon-apls-autres-produits-libre-service---experience-en-distribution-exigee-recrutement-groupe-labelvie---carrefour-marrakech-safi-maroc-176018.html,"","","08/12/2025","09/12/2025","1"
"Manager De Rayon DPH (Droguerie, parfumerie et hygiène) | Fès, Fès-Meknès, Maroc (Maroc)",https://www.rekrute.com/offre-emploi-manager-de-rayon-dph-droguerie-parfumerie-et-hygiene-recrutement-groupe-labelvie---carrefour-fes-fes-meknes-maroc-176443.html,"","","08/12/2025","23/12/2025","1"
"Manager de Rayon APLS (Autres Produits Libre Service) - Expérience en Distribution Exigée | Tétouan, Tanger-Tétouan-Al Hoceïma, Maroc (Maroc)",https://www.rekrute.com/offre-emploi-manager-de-rayon-apls-autres-produits-libre-service---experience-en-distribution-exigee-recrutement-groupe-labelvie---carrefour-tetouan-tanger-tetouan-al-hoceima-maroc-177775.html,"","","08/12/2025","08/02/2026","1"
"Chef de Département RH Magasin | Casablanca et périphérie (Maroc)",https://www.rekrute.com/offre-emploi-chef-de-departement-rh-magasin-recrutement-groupe-labelvie---carrefour-casablanca-et-peripherie-177084.html,"","","08/12/2025","14/01/2026","1"
"SERVICE OPERATION MANAGER -SERVICE DESK BILINGUE | Casablanca (Maroc)",https://www.rekrute.com/offre-emploi-service-operation-manager--service-desk-bilingue-recrutement-manpower-agences-casablanca-177774.html,"","","08/12/2025","08/02/2026","1"
"QA specialist / Engineer | Jorf Lasfar / region of ELJADIDA (Maroc)",https://www.rekrute.com/offre-emploi-qa-specialist-engineer-recrutement-cobco-jorf-lasfar-region-of-eljadida-177516.html,"","","08/12/2025","28/01/2026","1"
"Responsable Comptabilité Fournisseurs | Casablanca (Maroc)",https://www.rekrute.com/offre-emploi-responsable-comptabilite-fournisseurs-recrutement-cac-centrale-automobile-cherifienne-casablanca-177039.html,"","","08/12/2025","12/01/2026","12/01/2026"
"Zone Manager Après-Vente (H/F) | Casablanca (Maroc)",https://www.rekrute.com/offre-emploi-zone-manager-apres-vente-hf-recrutement-cac-centrale-automobile-cherifienne-casablanca-176516.html,"","","08/12/2025","24/12/2025","1"
"Jobaanbieding: customer support representative – logistics (nederlands sprekend, 100% remote) | Casablanca (Maroc)",https://www.rekrute.com/offre-emploi-jobaanbieding-customer-support-representative-logistics-nederlands-sprekend-100-remote-recrutement-foundever-ex-sitel-group-casablanca-177773.html,"","","08/12/2025","08/02/2026","10"
"Klantendienstmedewerker – Leider in Belgische telecommunicatie | Rabat (Maroc)",https://www.rekrute.com/offre-emploi-klantendienstmedewerker-leider-in-belgische-telecommunicatie-recrutement-foundever-ex-sitel-group-rabat-177772.html,"","","08/12/2025","08/02/2026","7"
"Business Developer Closer – Expert(e) du Closing Commercial | Casablanca (Maroc)",https://www.rekrute.com/offre-emploi-business-developer-closer-experte-du-closing-commercial-recrutement-weclose-casablanca-177512.html,"","","06/12/2025","28/01/2026","50"
"Business Developer – Spécialiste du Closing (WeClose) | Casablanca (Maroc)",https://www.rekrute.com/offre-emploi-business-developer-specialiste-du-closing-weclose-recrutement-weclose-casablanca-177515.html,"","","06/12/2025","28/01/2026","10"
"Sales Manager / Marché Francophone | Casablanca (Maroc)",https://www.rekrute.com/offre-emploi-sales-manager-marche-francophone-recrutement-weclose-casablanca-177544.html,"","","06/12/2025","29/01/2026","50"
"FORMATEUR COMMERCIAL – CLOSING & VENTE À DISTANCE | Casablanca (Maroc)",https://www.rekrute.com/offre-emploi-formateur-commercial-closing-vente-a-distance-recrutement-weclose-casablanca-177220.html,"","","06/12/2025","20/01/2026","1"
"Spécialiste Acquisition Digitale & Lead Generation H/F | Casablanca (Maroc)",https://www.rekrute.com/offre-emploi-specialiste-acquisition-digitale-lead-generation-hf-recrutement-wow7h24-casablanca-177771.html,"","","05/12/2025","05/02/2026","2"
"Senior HR Business Partner | Casablanca (Maroc)",https://www.rekrute.com/offre-emploi-senior-hr-business-partner-recrutement-groupe-addoha-casablanca-177770.html,"","","05/12/2025","05/02/2026","1"
"Systems Analyst | Rabat (Maroc)",https://www.rekrute.com/offre-emploi-systems-analyst-recrutement-cnexia-tech-rabat-177769.html,"","","05/12/2025","05/02/2026","1"
"Agent de Trésorerie (H/F) | Casablanca (Maroc)",https://www.rekrute.com/offre-emploi-agent-de-tresorerie-hf-recrutement-pwc-casablanca-177766.html,"","","05/12/2025","05/02/2026","3"
"Technicien Maintenance | Casablanca (Maroc)",https://www.rekrute.com/offre-emploi-technicien-maintenance-recrutement-confidentiel-casablanca-177765.html,"","","05/12/2025","05/02/2026","2"
"Responsable Boutique (luxe) | Casablanca (Maroc)",https://www.rekrute.com/offre-emploi-responsable-boutique-luxe-recrutement-crit-casablanca-177764.html,"","","05/12/2025","05/02/2026","1"
"Business Support Officer | Benguerir (Maroc)",https://www.rekrute.com/offre-emploi-business-support-officer-recrutement-um6p---universite-mohammed-vi-polytechnique-benguerir-177763.html,"","","05/12/2025","05/02/2026","1"
"F&B Supervisor - SHBM | Rabat (Maroc)",https://www.rekrute.com/offre-emploi-fb-supervisor---shbm-recrutement-um6p---universite-mohammed-vi-polytechnique-rabat-177762.html,"","","05/12/2025","05/02/2026","1"
"Chef D'Agence Al Manzal Meknes | Meknès (Maroc)",https://www.rekrute.com/offre-emploi-chef-dagence-al-manzal-meknes-recrutement-fondation-arrawaj-meknes-177761.html,"","","05/12/2025","05/02/2026","1"
"Coordinatrice Commerciale / Assistante Commerciale | Casablanca (Maroc)",https://www.rekrute.com/offre-emploi-coordinatrice-commerciale-assistante-commerciale-recrutement-confidentiel-casablanca-177760.html,"","","05/12/2025","05/02/2026","2"
"Chargé de planification | Casablanca (Maroc)",https://www.rekrute.com/offre-emploi-charge-de-planification-recrutement-confidentiel-casablanca-177759.html,"","","05/12/2025","05/02/2026","1"
"Chef D'Agence Beni Mellal | Béni Mellal (Maroc)",https://www.rekrute.com/offre-emploi-chef-dagence-beni-mellal-recrutement-fondation-arrawaj-beni-mellal-177758.html,"","","05/12/2025","05/02/2026","1"
"Chef D'Agence Tinghir | Tinghir (Maroc)",https://www.rekrute.com/offre-emploi-chef-dagence-tinghir-recrutement-fondation-arrawaj-tinghir-177757.html,"","","05/12/2025","05/02/2026","1"
"Chef D'Agence Tahnaout | Tahnaout (Maroc)",https://www.rekrute.com/offre-emploi-chef-dagence-tahnaout-recrutement-fondation-arrawaj-tahnaout-177755.html,"","","05/12/2025","05/02/2026","1"
"Chef D'Agence Klaat Magouna | KALAAT MAGOUNA (Maroc)",https://www.rekrute.com/offre-emploi-chef-dagence-klaat-magouna-recrutement-fondation-arrawaj-kalaat-magouna-177754.html,"","","05/12/2025","05/02/2026","1"
"Chef D'agence Imintanout | Imintanoute (Maroc)",https://www.rekrute.com/offre-emploi-chef-dagence-imintanout-recrutement-fondation-arrawaj-imintanoute-177753.html,"","","05/12/2025","05/02/2026","1"
"Chef D'Agence Boumalne Dades | Marrakech (Maroc)",https://www.rekrute.com/offre-emploi-chef-dagence-boumalne-dades-recrutement-fondation-arrawaj-marrakech-177752.html,"","","05/12/2025","05/02/2026","1"
"Chargé de clientèle (H/F) | Berrechid (Maroc)",https://www.rekrute.com/offre-emploi-charge-de-clientele-hf-recrutement-bank-assafa-berrechid-177751.html,"","","05/12/2025","05/02/2026","2"
"Chef D'Agence Oued Eddahab Casablanca | Casablanca (Maroc)",https://www.rekrute.com/offre-emploi-chef-dagence-oued-eddahab-casablanca-recrutement-fondation-arrawaj-casablanca-177750.html,"","","05/12/2025","05/02/2026","1"
"Chef D'Agence Boulevard Nil Casablanca | Casablanca (Maroc)",https://www.rekrute.com/offre-emploi-chef-dagence-boulevard-nil-casablanca-recrutement-fondation-arrawaj-casablanca-177749.html,"","","05/12/2025","05/02/2026","1"
"Chef D'Agence Sala Aljadida | Sala al Jadida (Maroc)",https://www.rekrute.com/offre-emploi-chef-dagence-sala-aljadida-recrutement-fondation-arrawaj-sala-al-jadida-177747.html,"","","05/12/2025","05/02/2026","1"
"Chef D'Agence Taza | Taza (Maroc)",https://www.rekrute.com/offre-emploi-chef-dagence-taza-recrutement-fondation-arrawaj-taza-177746.html,"","","05/12/2025","05/02/2026","1"
"Chef D'agence Fes | Fès (Maroc)",https://www.rekrute.com/offre-emploi-chef-dagence-fes-recrutement-fondation-arrawaj-fes-177745.html,"","","05/12/2025","05/02/2026","1"
"Chef d'équipe | Casablanca (Maroc)",https://www.rekrute.com/offre-emploi-chef-dequipe-recrutement-confidentiel-casablanca-177744.html,"","","05/12/2025","05/02/2026","4"
"Chef D'Agence LAAYOUNE | Laâyoune (Maroc)",https://www.rekrute.com/offre-emploi-chef-dagence-laayoune-recrutement-fondation-arrawaj-laayoune-177743.html,"","","05/12/2025","05/02/2026","1"
"Chef D'agence Dakhla | Dakhla (Maroc)",https://www.rekrute.com/offre-emploi-chef-dagence-dakhla-recrutement-fondation-arrawaj-dakhla-177742.html,"","","05/12/2025","05/02/2026","1"
"Agent de Contrôle Qualité | Casablanca (Maroc)",https://www.rekrute.com/offre-emploi-agent-de-controle-qualite-recrutement-confidentiel-casablanca-177741.html,"","","05/12/2025","05/02/2026","1"
"Chef D'Agence Mohammédia | Mohammédia (Maroc)",https://www.rekrute.com/offre-emploi-chef-dagence-mohammedia-recrutement-fondation-arrawaj-mohammedia-177740.html,"","","05/12/2025","05/02/2026","1"
"Chef D'Agence Casablanca AIN SBAA | Casablanca (Maroc)",https://www.rekrute.com/offre-emploi-chef-dagence-casablanca-ain-sbaa-recrutement-fondation-arrawaj-casablanca-177739.html,"","","05/12/2025","05/02/2026","1"
"Chef D'agence Bouznika | Bouznika (Maroc)",https://www.rekrute.com/offre-emploi-chef-dagence-bouznika-recrutement-fondation-arrawaj-bouznika-177738.html,"","","05/12/2025","05/02/2026","1"
"Test Lead (H/ F) | Casablanca (Maroc)",https://www.rekrute.com/offre-emploi-test-lead-h-f-recrutement-confidentiel-casablanca-177191.html,"","","05/12/2025","19/01/2026","1"
"Gestionnaire Relation Entreprises (H/F) | Rabat/Salé (Maroc)",https://www.rekrute.com/offre-emploi-gestionnaire-relation-entreprises-hf-recrutement-attijariwafa-bank-rabatsale-177737.html,"","","05/12/2025","05/02/2026","05/02/2026"
"Nous recrutons deux Infirmières de travail polyvalentes | Casablanca (Maroc)",https://www.rekrute.com/offre-emploi-nous-recrutons-deux-infirmieres-de-travail-polyvalentes-recrutement-foundever-ex-sitel-group-casablanca-177736.html,"","","05/12/2025","05/02/2026","2"
"Resource Manager Hispanophone | Casablanca (Maroc)",https://www.rekrute.com/offre-emploi-resource-manager-hispanophone-recrutement-akkodis-maroc-casablanca-177396.html,"","","05/12/2025","26/01/2026","2"
"KEY ACCOUNT MANAGER (H/F) | Rabat (Maroc)",https://www.rekrute.com/offre-emploi-key-account-manager-hf-recrutement-locamed-rabat-177735.html,"","","05/12/2025","05/02/2026","2"
"Responsable de stock (H/F) | Rabat/Bouznika (Maroc)",https://www.rekrute.com/offre-emploi-responsable-de-stock-hf-recrutement-locamed-rabatbouznika-177734.html,"","","05/12/2025","05/02/2026","1"
"Finance Officer | Casablanca (Maroc)",https://www.rekrute.com/offre-emploi-finance-officer-recrutement-smollan-morocco-casablanca-177733.html,"","","05/12/2025","05/02/2026","1"
"Agent de production FTTH (réception d'appel) | Casablanca (Maroc)",https://www.rekrute.com/offre-emploi-agent-de-production-ftth-reception-dappel-recrutement-intelcia-its-casablanca-177732.html,"","","05/12/2025","05/02/2026","10"
"Chargé(e) de compte (télévente B2B) | Casablanca (Maroc)",https://www.rekrute.com/offre-emploi-chargee-de-compte-televente-b2b-recrutement-intelcia-its-casablanca-177731.html,"","","05/12/2025","05/02/2026","3"
"Cadre financier -Fiscaliste | Casablanca (Maroc)",https://www.rekrute.com/offre-emploi-cadre-financier--fiscaliste-recrutement-bank-al-yousr-casablanca-177730.html,"","","05/12/2025","05/02/2026","1"
"Customs Senior Specialist | Tanger (Maroc)",https://www.rekrute.com/offre-emploi-customs-senior-specialist-recrutement-yazaki-morocco-tanger-177729.html,"","","05/12/2025","05/02/2026","05/02/2026"
"Conseillers Commerciaux en Assurance santé – Émission d’Appels | Casablanca (Maroc)",https://www.rekrute.com/offre-emploi-conseillers-commerciaux-en-assurance-sante-emission-dappels-recrutement-eca-assurances-casablanca-176682.html,"","","05/12/2025","30/12/2025","10"
"IT Sales Engineer Offshore (H/F) | Technopolis, Sala Al Jadida (Maroc)",https://www.rekrute.com/offre-emploi-it-sales-engineer-offshore-hf-recrutement-dxc---cdg-technopolis-sala-al-jadida-176016.html,"","","05/12/2025","09/12/2025","2"
"Conseiller de Clientèle Germanophone | Technopolis Salé (Maroc)",https://www.rekrute.com/offre-emploi-conseiller-de-clientele-germanophone-recrutement-dxc---cdg-technopolis-sale-176964.html,"","","05/12/2025","10/01/2026","10"
"Conseiller de Clientèle Néerlandais | Technopolis (Maroc)",https://www.rekrute.com/offre-emploi-conseiller-de-clientele-neerlandais-recrutement-dxc---cdg-technopolis-176965.html,"","","05/12/2025","10/01/2026","2"
"Coordinateur Ordonnancement | Agadir et périphérie (Maroc)",https://www.rekrute.com/offre-emploi-coordinateur-ordonnancement-recrutement-groupe-azura-agadir-et-peripherie-167959.html,"","","05/12/2025","05/02/2026","2"
"Technicien Logistique Import & National | Agadir (Maroc)",https://www.rekrute.com/offre-emploi-technicien-logistique-import-national-recrutement-groupe-azura-agadir-177728.html,"","","05/12/2025","05/02/2026","1"
"Chargé de Clientèle (H/F) | Taza (Maroc)",https://www.rekrute.com/offre-emploi-charge-de-clientele-hf-recrutement-bank-assafa-taza-177727.html,"","","05/12/2025","05/02/2026","1"
"Assistant(e) Back Office (H/F) | Casablanca (Maroc)",https://www.rekrute.com/offre-emploi-assistante-back-office-hf-recrutement-maroc-climate-and-security-mcs---carrier-casablanca-177726.html,"","","05/12/2025","05/02/2026","4"
"Assistant Commercial (H/F) | Casablanca (Maroc)",https://www.rekrute.com/offre-emploi-assistant-commercial-hf-recrutement-maroc-climate-and-security-mcs---carrier-casablanca-176560.html,"","","05/12/2025","27/12/2025","2"
"Conseiller Technique de Vente en Climatisation Anglophone (H/F) | Casablanca (Maroc)",https://www.rekrute.com/offre-emploi-conseiller-technique-de-vente-en-climatisation-anglophone-hf-recrutement-maroc-climate-and-security-mcs---carrier-casablanca-176559.html,"","","05/12/2025","27/12/2025","3"
"Infirmière | Casablanca (Maroc)",https://www.rekrute.com/offre-emploi-infirmiere-recrutement-bank-assafa-casablanca-177725.html,"","","05/12/2025","05/02/2026","1"
"¡tu oportunidad para crecer hablando español en tánger! - Tanger | Tanger (Maroc)",https://www.rekrute.com/offre-emploi-tu-oportunidad-para-crecer-hablando-espanol-en-tanger---tanger-recrutement-foundever-ex-sitel-group-tanger-177724.html,"","","05/12/2025","05/02/2026","05/02/2026"
"Chargé de clientèle (Baladia) | Meknès (Maroc)",https://www.rekrute.com/offre-emploi-charge-de-clientele-baladia-recrutement-manpower-agences-meknes-177723.html,"","","05/12/2025","05/02/2026","1"
"Chargé de clientéle Carré Eden | Marrakech-Safi, Maroc (Maroc)",https://www.rekrute.com/offre-emploi-charge-de-clientele-carre-eden-recrutement-manpower-agences-marrakech-safi-maroc-177722.html,"","","05/12/2025","05/02/2026","1"
"Chargé de clientéle Anfa | Casablanca et périphérie (Maroc)",https://www.rekrute.com/offre-emploi-charge-de-clientele-anfa-recrutement-manpower-agences-casablanca-et-peripherie-177721.html,"","","05/12/2025","05/02/2026","1"
"Stage PFE – Génie Industriel EL JORF / EL JADIDA | El Jadida (Maroc)",https://www.rekrute.com/offre-emploi-stage-pfe-genie-industriel-el-jorf-el-jadida-recrutement-confidentiel-el-jadida-177720.html,"","","05/12/2025","05/02/2026","2"
"Stage PFE – Génie Industriel | Casablanca (Maroc)",https://www.rekrute.com/offre-emploi-stage-pfe-genie-industriel-recrutement-confidentiel-casablanca-177719.html,"","","05/12/2025","05/02/2026","2"
"Stage PFE – Commercial Anglophone | Casablanca (Maroc)",https://www.rekrute.com/offre-emploi-stage-pfe-commercial-anglophone-recrutement-confidentiel-casablanca-177718.html,"","","05/12/2025","05/02/2026","2"
"Stage PFE – Commercial / Business Development | Casablanca (Maroc)",https://www.rekrute.com/offre-emploi-stage-pfe-commercial-business-development-recrutement-confidentiel-casablanca-177717.html,"","","05/12/2025","05/02/2026","2"
"Cadre Cyber Sécurité | Casablanca (Maroc)",https://www.rekrute.com/offre-emploi-cadre-cyber-securite-recrutement-bourse-de-casablanca-casablanca-177716.html,"","","04/12/2025","04/02/2026","1"
"Spécialiste SEO et SEA | Casablanca (Maroc)",https://www.rekrute.com/offre-emploi-specialiste-seo-et-sea-recrutement-fairly-casablanca-177715.html,"","","04/12/2025","04/02/2026","1"
"Webmaster | Casablanca (Maroc)",https://www.rekrute.com/offre-emploi-webmaster-recrutement-fairly-casablanca-177714.html,"","","04/12/2025","04/02/2026","1"
"Exécution Graphique et Motion Design | Casablanca (Maroc)",https://www.rekrute.com/offre-emploi-execution-graphique-et-motion-design-recrutement-fairly-casablanca-177713.html,"","","04/12/2025","04/02/2026","1"
"Lead Dev Laravel | Casablanca (Maroc)",https://www.rekrute.com/offre-emploi-lead-dev-laravel-recrutement-fairly-casablanca-177712.html,"","","04/12/2025","04/02/2026","04/02/2026"
"Chef de production | Casablanca (Maroc)",https://www.rekrute.com/offre-emploi-chef-de-production-recrutement-fairly-casablanca-177711.html,"","","04/12/2025","04/02/2026","04/02/2026"
"Chargé(e) s de Conduite d'Activité francophones / Installation FTTH | Casablanca (Maroc)",https://www.rekrute.com/offre-emploi-chargee-s-de-conduite-dactivite-francophones-installation-ftth-recrutement-genius-services-casablanca-177710.html,"","","04/12/2025","04/02/2026","10"
"Conseillers en réception d'appels pour un projet télco | Rabat (Maroc)",https://www.rekrute.com/offre-emploi-conseillers-en-reception-dappels-pour-un-projet-telco-recrutement-foundever-ex-sitel-group-rabat-177709.html,"","","04/12/2025","04/02/2026","20"
"Assistante de Direction Générale | Casablanca (Maroc)",https://www.rekrute.com/offre-emploi-assistante-de-direction-generale-recrutement-crit-casablanca-177708.html,"","","04/12/2025","04/02/2026","1"
"Chargé de Portefeuille | Machraa Bel Ksiri (Maroc)",https://www.rekrute.com/offre-emploi-charge-de-portefeuille-recrutement-fondation-arrawaj-machraa-bel-ksiri-176986.html,"","","04/12/2025","11/01/2026","2"
"Assistant de recherche en liaison scientifique | Benguerir (Maroc)",https://www.rekrute.com/offre-emploi-assistant-de-recherche-en-liaison-scientifique-recrutement-um6p---universite-mohammed-vi-polytechnique-benguerir-177705.html,"","","04/12/2025","04/02/2026","1"
"Infirmier d'état | CASABLANCA (Maroc)",https://www.rekrute.com/offre-emploi-infirmier-detat-recrutement-atlas-multiservices-casablanca-177704.html,"","","04/12/2025","04/02/2026","1"
"Commercial (H/F) | Agadir (Maroc)",https://www.rekrute.com/offre-emploi-commercial-hf-recrutement-crit-agadir-177703.html,"","","04/12/2025","04/02/2026","1"
"Stagiaire Assistant(e) en programmation musicale (H/F) | Rabat (Maroc)",https://www.rekrute.com/offre-emploi-stagiaire-assistante-en-programmation-musicale-hf-recrutement-hit-radio-rabat-177702.html,"","","04/12/2025","04/02/2026","1"
"Responsable souscription et recouvrement | Casablanca (Maroc)",https://www.rekrute.com/offre-emploi-responsable-souscription-et-recouvrement-recrutement-confidentiel-casablanca-177701.html,"","","04/12/2025","04/02/2026","1"
"Technicien Simulateur | CASABLANCA (Maroc)",https://www.rekrute.com/offre-emploi-technicien-simulateur-recrutement-atlas-multiservices-casablanca-177536.html,"","","04/12/2025","28/01/2026","2"
"Stagiaire en administration RH - Rabat | Rabat-Salé-Kénitra, Maroc (Maroc)",https://www.rekrute.com/offre-emploi-stagiaire-en-administration-rh---rabat-recrutement-cnexia-rabat-sale-kenitra-maroc-176545.html,"","","04/12/2025","27/12/2025","1"
"Déposez votre Candidature Spontanée | Casablanca (Maroc)",https://www.rekrute.com/offre-emploi-deposez-votre-candidature-spontanee-recrutement-eca-assurances-casablanca-177358.html,"","","04/12/2025","25/01/2026","10"
"Assistante Sociale H/F | Casablanca (Maroc)",https://www.rekrute.com/offre-emploi-assistante-sociale-hf-recrutement-atlas-multiservices-casablanca-177700.html,"","","04/12/2025","04/02/2026","1"
"CHARGES RELATION CLIENT | Casablanca (Maroc)",https://www.rekrute.com/offre-emploi-charges-relation-client-recrutement-manpower-agences-casablanca-177181.html,"","","04/12/2025","18/01/2026","5"
"Conseiller Client (F/H) - Service client - Français | Rabat (Maroc)",https://www.rekrute.com/offre-emploi-conseiller-client-fh---service-client---francais-recrutement-foundever-ex-sitel-group-rabat-177699.html,"","","04/12/2025","04/02/2026","20"
"Adjoint(e) Responsable Pépinière ( International Nursery) | Agadir (Maroc)",https://www.rekrute.com/offre-emploi-adjointe-responsable-pepiniere-international-nursery-recrutement-groupe-azura-agadir-177698.html,"","","04/12/2025","04/02/2026","1"
"Technicien Support Informatique (H/F) | Bouskoura (Maroc)",https://www.rekrute.com/offre-emploi-technicien-support-informatique-hf-recrutement-foods-and-goods-bouskoura-177697.html,"","","04/12/2025","04/02/2026","1"
"Contrôleur de Gestion (H/F) | Dar Bouazza (Maroc)",https://www.rekrute.com/offre-emploi-controleur-de-gestion-hf-recrutement-groupe-labelvie---carrefour-dar-bouazza-177696.html,"","","04/12/2025","04/02/2026","1"
"Manager de Rayon Traiteur - Expérience Exigée en Distribution ou Restauration Collective | Marrakech (Maroc)",https://www.rekrute.com/offre-emploi-manager-de-rayon-traiteur---experience-exigee-en-distribution-ou-restauration-collective-recrutement-groupe-labelvie---carrefour-marrakech-177695.html,"","","04/12/2025","04/02/2026","1"
"Manager de Rayon Liquide | Berrechid (Maroc)",https://www.rekrute.com/offre-emploi-manager-de-rayon-liquide-recrutement-groupe-labelvie---carrefour-berrechid-177694.html,"","","04/12/2025","04/02/2026","1"
"Graphic Designer - Intern | Casablanca (Maroc)",https://www.rekrute.com/offre-emploi-graphic-designer---intern-recrutement-smollan-morocco-casablanca-177693.html,"","","04/12/2025","04/02/2026","1"
"Ingénieur Système H/F | Rabat (Maroc)",https://www.rekrute.com/offre-emploi-ingenieur-systeme-hf-recrutement-universite-internationale-de-rabat-uir-rabat-177692.html,"","","04/12/2025","04/02/2026","1"
"Webmaster | Casablanca (Maroc)",https://www.rekrute.com/offre-emploi-webmaster-recrutement-devink-casablanca-177691.html,"","","04/12/2025","04/02/2026","1"
"Chef D'Agence | Agadir (Maroc)",https://www.rekrute.com/offre-emploi-chef-dagence-recrutement-fondation-arrawaj-agadir-177690.html,"","","04/12/2025","04/02/2026","1"
"Stagiaires PFE en Développement informatique | Casablanca (Maroc)",https://www.rekrute.com/offre-emploi-stagiaires-pfe-en-developpement-informatique-recrutement-confidentiel-casablanca-177689.html,"","","04/12/2025","04/02/2026","04/02/2026"
"Manager de Rayon EPCS (Electroménager et Multimédia) - Expérience Exigée en Electroménager | Casablanca (Maroc)",https://www.rekrute.com/offre-emploi-manager-de-rayon-epcs-electromenager-et-multimedia---experience-exigee-en-electromenager-recrutement-groupe-labelvie---carrefour-casablanca-177688.html,"","","04/12/2025","04/02/2026","3"
"Manager de Rayon Traiteur (Chef cuisinier) | Témara (Maroc)",https://www.rekrute.com/offre-emploi-manager-de-rayon-traiteur-chef-cuisinier-recrutement-groupe-labelvie---carrefour-temara-177687.html,"","","04/12/2025","04/02/2026","1"
"Manager de Rayon Boucherie - Expérience Exigée en Boucherie | Témara (Maroc)",https://www.rekrute.com/offre-emploi-manager-de-rayon-boucherie---experience-exigee-en-boucherie-recrutement-groupe-labelvie---carrefour-temara-177686.html,"","","04/12/2025","04/02/2026","1"
"Manager de Rayon EPCS (Electroménager et Multimédia) - Expérience Exigée en Electroménager | Casablanca (Maroc)",https://www.rekrute.com/offre-emploi-manager-de-rayon-epcs-electromenager-et-multimedia---experience-exigee-en-electromenager-recrutement-groupe-labelvie---carrefour-casablanca-176572.html,"","","04/12/2025","28/12/2025","3"
"Manager de Rayon Traiteur (Chef cuisinier) | Agadir (Maroc)",https://www.rekrute.com/offre-emploi-manager-de-rayon-traiteur-chef-cuisinier-recrutement-groupe-labelvie---carrefour-agadir-176778.html,"","","04/12/2025","04/01/2026","1"
"Responsable Administratif et Financier (RAF) | Agadir (Maroc)",https://www.rekrute.com/offre-emploi-responsable-administratif-et-financier-raf-recrutement-orh-assessment-agadir-177684.html,"","","04/12/2025","04/02/2026","1"
"Opportunité eca : conseillers commerciaux avec salaire fixe 5000 dhs + primes déplafonnées+transport | Casablanca (Maroc)",https://www.rekrute.com/offre-emploi-opportunite-eca-conseillers-commerciaux-avec-salaire-fixe-5000-dhs-primes-deplafonneestransport-recrutement-eca-assurances-casablanca-177205.html,"","","04/12/2025","19/01/2026","5"
"Service client call + mail - plateforme e-commerce spécialisé en produits animalier | Rabat (Maroc)",https://www.rekrute.com/offre-emploi-service-client-call-mail---plateforme-e-commerce-specialise-en-produits-animalier-recrutement-adm-value-rabat-177683.html,"","","04/12/2025","04/02/2026","3"
"Chargé Paie | Fès (Maroc)",https://www.rekrute.com/offre-emploi-charge-paie-recrutement-palais-jamai-fes-177682.html,"","","04/12/2025","04/02/2026","04/02/2026"
"Pilote documentation H/F | Fès (Maroc)",https://www.rekrute.com/offre-emploi-pilote-documentation-hf-recrutement-alten-maroc-fes-177681.html,"","","04/12/2025","04/02/2026","04/02/2026"
"HR Coordinator dynamique | Casablanca-Settat, Maroc (Maroc)",https://www.rekrute.com/offre-emploi-hr-coordinator-dynamique-recrutement-groupe-labelvie---carrefour-casablanca-settat-maroc-177680.html,"","","04/12/2025","04/02/2026","1"
"Responsable transformation internationale H/F | Rabat (Maroc)",https://www.rekrute.com/offre-emploi-responsable-transformation-internationale-hf-recrutement-alten-maroc-rabat-177679.html,"","","04/12/2025","04/02/2026","04/02/2026"
"Chargé(e) Marketing Commercial | Casablanca-Settat, Maroc (Maroc)",https://www.rekrute.com/offre-emploi-chargee-marketing-commercial-recrutement-groupe-labelvie---carrefour-casablanca-settat-maroc-177678.html,"","","04/12/2025","04/02/2026","1"
"Agent commercial | Casablanca (Maroc)",https://www.rekrute.com/offre-emploi-agent-commercial-recrutement-locamed-casablanca-177677.html,"","","03/12/2025","03/02/2026","5"
"Project Management Partner | Benguerir (Maroc)",https://www.rekrute.com/offre-emploi-project-management-partner-recrutement-um6p---universite-mohammed-vi-polytechnique-benguerir-177668.html,"","","03/12/2025","03/02/2026","1"
"Management Assistant | Agadir (Maroc)",https://www.rekrute.com/offre-emploi-management-assistant-recrutement-manpower-agences-agadir-177675.html,"","","03/12/2025","03/02/2026","2"
"COMMERCIAL INDUSTRIE FUEL | Casablanca (Maroc)",https://www.rekrute.com/offre-emploi-commercial-industrie-fuel-recrutement-winxo-casablanca-177676.html,"","","03/12/2025","03/02/2026","03/02/2026"
"Program Lead CoopLab | Benguerir (Maroc)",https://www.rekrute.com/offre-emploi-program-lead-cooplab-recrutement-um6p---universite-mohammed-vi-polytechnique-benguerir-177669.html,"","","03/12/2025","03/02/2026","1"
"HR Specialist | Agadir (Maroc)",https://www.rekrute.com/offre-emploi-hr-specialist-recrutement-manpower-agences-agadir-177674.html,"","","03/12/2025","03/02/2026","1"
"Responsable d'exploitation informatique | Casablanca (Maroc)",https://www.rekrute.com/offre-emploi-responsable-dexploitation-informatique-recrutement-confidentiel-casablanca-177673.html,"","","03/12/2025","03/02/2026","1"
"Superviseur Bar - F&B SHBM | Rabat (Maroc)",https://www.rekrute.com/offre-emploi-superviseur-bar---fb-shbm-recrutement-um6p---universite-mohammed-vi-polytechnique-rabat-173223.html,"","","03/12/2025","25/12/2025","1"
"Technicien Maintenance | Casablanca (Maroc)",https://www.rekrute.com/offre-emploi-technicien-maintenance-recrutement-richbond-casablanca-177672.html,"","","03/12/2025","03/02/2026","1"
"Profiles Néerlandophones | Tanger (Maroc)",https://www.rekrute.com/offre-emploi-profiles-neerlandophones-recrutement-akkodis-maroc-tanger-177671.html,"","","03/12/2025","03/02/2026","10"
"Téléconseiller | Casablanca (Maroc)",https://www.rekrute.com/offre-emploi-teleconseiller-recrutement-richbond-casablanca-177670.html,"","","03/12/2025","03/02/2026","1"
"Coordinateur financier Réceptions & Stocks débutant en interim | Mohammédia (Maroc)",https://www.rekrute.com/offre-emploi-coordinateur-financier-receptions-stocks-debutant-en-interim-recrutement-manpower-agences-mohammedia-177667.html,"","","03/12/2025","03/02/2026","1"
"ExeKutive",https://www.rekrute.com/exek,"","","03/12/2025","03/02/2026","1"
"Ingénieur Etudes, Veille & Produit – Promotion Immobilière | Casablanca (Maroc)",https://www.rekrute.com/offre-emploi-ingenieur-etudes-veille-produit-promotion-immobiliere-recrutement-alh-holding-casablanca-176928.html,"","","03/12/2025","10/01/2026","1"
"Chef Trésorerie H/F | Casablanca (Maroc)",https://www.rekrute.com/offre-emploi-chef-tresorerie-hf-recrutement-alh-holding-casablanca-176780.html,"","","03/12/2025","04/01/2026","1"
"Comptable confirmé – Agriculture | Casablanca (Maroc)",https://www.rekrute.com/offre-emploi-comptable-confirme-agriculture-recrutement-alh-holding-casablanca-176775.html,"","","03/12/2025","04/01/2026","1"
"Chef de projet Data | Rabat (Maroc)",https://www.rekrute.com/offre-emploi-chef-de-projet-data-recrutement-fmps---fondation-marocaine-du-prescolaire-rabat-177665.html,"","","03/12/2025","03/02/2026","1"
"Concepteur Développeur PHP (H/F) | Casablanca (Maroc)",https://www.rekrute.com/offre-emploi-concepteur-developpeur-php-hf-recrutement-sofrecom-maroc-casablanca-176849.html,"","","03/12/2025","05/01/2026","05/01/2026"
"Conseillers Commerciaux en Assurance – Émission d’Appels | Casablanca (Maroc)",https://www.rekrute.com/offre-emploi-conseillers-commerciaux-en-assurance-emission-dappels-recrutement-eca-assurances-casablanca-177427.html,"","","03/12/2025","26/01/2026","10"
"Agent de sécurité | Casablanca (Maroc)",https://www.rekrute.com/offre-emploi-agent-de-securite-recrutement-confidentiel-casablanca-177664.html,"","","03/12/2025","03/02/2026","1"
"Commercial (H/F) | Casablanca (Maroc)",https://www.rekrute.com/offre-emploi-commercial-hf-recrutement-devink-casablanca-177663.html,"","","03/12/2025","03/02/2026","2"
"Assistante de Direction | Casablanca (Maroc)",https://www.rekrute.com/offre-emploi-assistante-de-direction-recrutement-devink-casablanca-177662.html,"","","03/12/2025","03/02/2026","2"
"Assistante de Direction | Casablanca (Maroc)",https://www.rekrute.com/offre-emploi-assistante-de-direction-recrutement-devink-casablanca-176078.html,"","","03/12/2025","13/12/2025","2"
"Commercial (H/F) | Casablanca (Maroc)",https://www.rekrute.com/offre-emploi-commercial-hf-recrutement-devink-casablanca-176621.html,"","","03/12/2025","29/12/2025","2"
"Agent d'encaissement H/F | Rabat (Maroc)",https://www.rekrute.com/offre-emploi-agent-dencaissement-hf-recrutement-universite-internationale-de-rabat-uir-rabat-177661.html,"","","03/12/2025","03/02/2026","1"
"INGENIEUR(E) PRODUCTION | Casablanca (Maroc)",https://www.rekrute.com/offre-emploi-ingenieure-production-recrutement-manpower-agences-casablanca-177660.html,"","","03/12/2025","03/02/2026","2"
"Chargé de Clientèle - Oujda et Régions | Oujda (Maroc)",https://www.rekrute.com/offre-emploi-charge-de-clientele---oujda-et-regions-recrutement-bank-of-africa-oujda-177659.html,"","","03/12/2025","03/02/2026","03/02/2026"
"Chargé de Clientèle - Tanger et Régions | Tanger (Maroc)",https://www.rekrute.com/offre-emploi-charge-de-clientele---tanger-et-regions-recrutement-bank-of-africa-tanger-177658.html,"","","03/12/2025","03/02/2026","100"
"Chargé d'Appui Commercial - Tanger et Régions | Tanger (Maroc)",https://www.rekrute.com/offre-emploi-charge-dappui-commercial---tanger-et-regions-recrutement-bank-of-africa-tanger-177657.html,"","","03/12/2025","03/02/2026","03/02/2026"
"Chargé d'Appui Commercial - Laâyoune et Régions | Laâyoune (Maroc)",https://www.rekrute.com/offre-emploi-charge-dappui-commercial---laayoune-et-regions-recrutement-bank-of-africa-laayoune-177656.html,"","","03/12/2025","03/02/2026","03/02/2026"
"Chargé de Clientèle - Laâyoune et Régions | Laâyoune (Maroc)",https://www.rekrute.com/offre-emploi-charge-de-clientele---laayoune-et-regions-recrutement-bank-of-africa-laayoune-177655.html,"","","03/12/2025","03/02/2026","03/02/2026"
"Chargé de Clientèle - Agadir et Régions | Agadir (Maroc)",https://www.rekrute.com/offre-emploi-charge-de-clientele---agadir-et-regions-recrutement-bank-of-africa-agadir-177654.html,"","","03/12/2025","03/02/2026","03/02/2026"
"Chargé d'Appui Commercial - Agadir et Régions | Agadir (Maroc)",https://www.rekrute.com/offre-emploi-charge-dappui-commercial---agadir-et-regions-recrutement-bank-of-africa-agadir-177653.html,"","","03/12/2025","03/02/2026","03/02/2026"
"Chargé d'Appui Commercial - Marrakech et Régions | Marrakech (Maroc)",https://www.rekrute.com/offre-emploi-charge-dappui-commercial---marrakech-et-regions-recrutement-bank-of-africa-marrakech-177652.html,"","","03/12/2025","03/02/2026","03/02/2026"
"Chargé de Clientèle - Marrakech et Régions | Marrakech (Maroc)",https://www.rekrute.com/offre-emploi-charge-de-clientele---marrakech-et-regions-recrutement-bank-of-africa-marrakech-177651.html,"","","03/12/2025","03/02/2026","03/02/2026"
"Chargé d'Appui Commercial | Fès (Maroc)",https://www.rekrute.com/offre-emploi-charge-dappui-commercial-recrutement-bank-of-africa-fes-177650.html,"","","03/12/2025","03/02/2026","03/02/2026"
"Chargé de Clientèle | Fès (Maroc)",https://www.rekrute.com/offre-emploi-charge-de-clientele-recrutement-bank-of-africa-fes-177649.html,"","","03/12/2025","03/02/2026","03/02/2026"
"Chargé de Clientèle | Casablanca (Maroc)",https://www.rekrute.com/offre-emploi-charge-de-clientele-recrutement-bank-of-africa-casablanca-177648.html,"","","03/12/2025","03/02/2026","03/02/2026"
"Chargé d'Appui Commercial | Casablanca (Maroc)",https://www.rekrute.com/offre-emploi-charge-dappui-commercial-recrutement-bank-of-africa-casablanca-177647.html,"","","03/12/2025","03/02/2026","03/02/2026"
"Chef de Projet Ouvrages d'art | Salé (Technopolis) (Maroc)",https://www.rekrute.com/offre-emploi-chef-de-projet-ouvrages-dart-recrutement-novec-sale-technopolis-176171.html,"","","03/12/2025","15/12/2025","1"
"Ingénieur Suivi travaux | Dakhla (Maroc)",https://www.rekrute.com/offre-emploi-ingenieur-suivi-travaux-recrutement-novec-dakhla-176787.html,"","","03/12/2025","04/01/2026","1"
"Ingénieur d'études en Génie Rural Confirmé | Salé (Technopolis) (Maroc)",https://www.rekrute.com/offre-emploi-ingenieur-detudes-en-genie-rural-confirme-recrutement-novec-sale-technopolis-176170.html,"","","03/12/2025","15/12/2025","1"
"Infirmière de travail - CDD | Salé, Technopolis (Maroc)",https://www.rekrute.com/offre-emploi-infirmiere-de-travail---cdd-recrutement-novec-sale-technopolis-177014.html,"","","03/12/2025","12/01/2026","1"
"Ingénieur Environnement et Développement Durable | Salé, Technopolis (Maroc)",https://www.rekrute.com/offre-emploi-ingenieur-environnement-et-developpement-durable-recrutement-novec-sale-technopolis-177002.html,"","","03/12/2025","12/01/2026","1"
"Technicien(ne) Métreur Bâtiment | Salé, Technopolis (Maroc)",https://www.rekrute.com/offre-emploi-technicienne-metreur-batiment-recrutement-novec-sale-technopolis-176975.html,"","","03/12/2025","11/01/2026","1"
"Ingénieur d'études VRD | Salé, Technopolis (Maroc)",https://www.rekrute.com/offre-emploi-ingenieur-detudes-vrd-recrutement-novec-sale-technopolis-176711.html,"","","03/12/2025","31/12/2025","1"
"Technicien(ne) d'études expérimenté(e) en Assainissement | Salé (Technopolis) (Maroc)",https://www.rekrute.com/offre-emploi-technicienne-detudes-experimentee-en-assainissement-recrutement-novec-sale-technopolis-176713.html,"","","03/12/2025","31/12/2025","1"
"Chef de projet Eau potable et assainissement | Salé (Technopolis) (Maroc)",https://www.rekrute.com/offre-emploi-chef-de-projet-eau-potable-et-assainissement-recrutement-novec-sale-technopolis-176737.html,"","","03/12/2025","03/01/2026","1"
"Technicien(ne) d'études expérimenté(e) en Assainissement | Salé (Technopolis) (Maroc)",https://www.rekrute.com/offre-emploi-technicienne-detudes-experimentee-en-assainissement-recrutement-novec-sale-technopolis-176712.html,"","","03/12/2025","31/12/2025","1"
"Technicien(ne) SIG | Salé, Technopolis (Maroc)",https://www.rekrute.com/offre-emploi-technicienne-sig-recrutement-novec-sale-technopolis-176790.html,"","","03/12/2025","04/01/2026","1"
"Technicien(ne) Fluide | Salé, Technopolis (Maroc)",https://www.rekrute.com/offre-emploi-technicienne-fluide-recrutement-novec-sale-technopolis-176788.html,"","","03/12/2025","04/01/2026","2"
"Ingénieur d’études en Assainissement et drainage d'ouvrage linéaire | Salé, Technopolis (Maroc)",https://www.rekrute.com/offre-emploi-ingenieur-detudes-en-assainissement-et-drainage-douvrage-lineaire-recrutement-novec-sale-technopolis-176168.html,"","","03/12/2025","15/12/2025","1"
"Chef Comptable Groupe (H/F) | Casablanca (Maroc)",https://www.rekrute.com/offre-emploi-chef-comptable-groupe-hf-recrutement-confidentiel-casablanca-177457.html,"","","03/12/2025","27/01/2026","27/01/2026"
"Conseillers en Assurance Francophones – Service Fidélisation (Réception d’Appels) – CDI à Rabat | Rabat (Maroc)",https://www.rekrute.com/offre-emploi-conseillers-en-assurance-francophones-service-fidelisation-reception-dappels-cdi-a-rabat-recrutement-foundever-ex-sitel-group-rabat-177646.html,"","","03/12/2025","03/02/2026","15"
"Credit Analyst bilingual (M/F) | Casablanca (Maroc)",https://www.rekrute.com/offre-emploi-credit-analyst-bilingual-mf-recrutement-maroc-climate-and-security-mcs---carrier-casablanca-177645.html,"","","03/12/2025","03/02/2026","3"
"Webmaster & Community Manager (H/F) | Casablanca (Maroc)",https://www.rekrute.com/offre-emploi-webmaster-community-manager-hf-recrutement-carl-rogers-consulting-casablanca-177644.html,"","","03/12/2025","03/02/2026","1"
"Data Analyst H/F | Rabat (Maroc)",https://www.rekrute.com/offre-emploi-data-analyst-hf-recrutement-alten-maroc-rabat-177643.html,"","","03/12/2025","03/02/2026","1"
"Chargés de clientèle francophones – service fidélisation (réception d’appels) – cdi à rabat | Rabat (Maroc)",https://www.rekrute.com/offre-emploi-charges-de-clientele-francophones-service-fidelisation-reception-dappels-cdi-a-rabat-recrutement-foundever-ex-sitel-group-rabat-177143.html,"","","03/12/2025","17/01/2026","15"
"Commercial High-Tech (H/F) | Casablanca (Maroc)",https://www.rekrute.com/offre-emploi-commercial-high-tech-hf-recrutement-carl-rogers-consulting-casablanca-177642.html,"","","03/12/2025","03/02/2026","2"
"Pilote de Documentation Technique TCS (Diversité Véhicule) H/F | Fès (Maroc)",https://www.rekrute.com/offre-emploi-pilote-de-documentation-technique-tcs-diversite-vehicule-hf-recrutement-alten-maroc-fes-177641.html,"","","03/12/2025","03/02/2026","03/02/2026"
"Web Marketer | Casablanca (Maroc)",https://www.rekrute.com/offre-emploi-web-marketer-recrutement-bank-al-yousr-casablanca-177640.html,"","","03/12/2025","03/02/2026","1"
"Ingénieur Backend Java/Swift – Secteur Bancaire H/F | Rabat (Maroc)",https://www.rekrute.com/offre-emploi-ingenieur-backend-javaswift-secteur-bancaire-hf-recrutement-alten-maroc-rabat-177639.html,"","","03/12/2025","03/02/2026","03/02/2026"
"Ingénieur Génie Civil – Conduite de Chantier Industriel | Tanger – Zone Franche (Maroc)",https://www.rekrute.com/offre-emploi-ingenieur-genie-civil-conduite-de-chantier-industriel-recrutement-bab-nakhil-tanger-zone-franche-177078.html,"","","03/12/2025","13/01/2026","1"
"Contrôleur de Gestion | Ain Aouda (Maroc)",https://www.rekrute.com/offre-emploi-controleur-de-gestion-recrutement-amanys-pharma-ain-aouda-177638.html,"","","03/12/2025","03/02/2026","1"
"Pharmacien(ne) Chargé(e) de Validation | Ain Aouda (Maroc)",https://www.rekrute.com/offre-emploi-pharmacienne-chargee-de-validation-recrutement-amanys-pharma-ain-aouda-177637.html,"","","03/12/2025","03/02/2026","1"
"Consultant support FAI (H/F) | Fès (Maroc)",https://www.rekrute.com/offre-emploi-consultant-support-fai-hf-recrutement-alten-maroc-fes-176293.html,"","","03/12/2025","20/12/2025","15"
"Développeur Full Stack PHP (PHP Native) H/F | Rabat (Maroc)",https://www.rekrute.com/offre-emploi-developpeur-full-stack-php-php-native-hf-recrutement-alten-maroc-rabat-176392.html,"","","03/12/2025","22/12/2025","22/12/2025"
"Développeur Intégration ERP – Talend & Kinaxis RapidResponse H/F | Fès (Maroc)",https://www.rekrute.com/offre-emploi-developpeur-integration-erp-talend-kinaxis-rapidresponse-hf-recrutement-alten-maroc-fes-177254.html,"","","03/12/2025","20/01/2026","20/01/2026"
"Assistante Financière (H/F) | Casablanca (Maroc)",https://www.rekrute.com/offre-emploi-assistante-financiere-hf-recrutement-confidentiel-casablanca-176584.html,"","","03/12/2025","28/12/2025","1"
"Assistante Administrative | Casablanca (Maroc)",https://www.rekrute.com/offre-emploi-assistante-administrative-recrutement-confidentiel-casablanca-177366.html,"","","03/12/2025","25/01/2026","1"
"Analyste Market Intelligence | Casablanca (Maroc)",https://www.rekrute.com/offre-emploi-analyste-market-intelligence-recrutement-groupe-labelvie---carrefour-casablanca-177636.html,"","","03/12/2025","03/02/2026","1"
"Chargé(e) de données clients (Anglophone) | Casablanca (Maroc)",https://www.rekrute.com/offre-emploi-chargee-de-donnees-clients-anglophone-recrutement-cac-centrale-automobile-cherifienne-casablanca-177635.html,"","","03/12/2025","03/02/2026","1"
"Chef de Mission – Expertise Comptable (H/F) | Casablanca (Maroc)",https://www.rekrute.com/offre-emploi-chef-de-mission-expertise-comptable-hf-recrutement-confidentiel-casablanca-177097.html,"","","03/12/2025","15/01/2026","1"
"Concepteur Outillage Aéronautique | Tanger (Maroc)",https://www.rekrute.com/offre-emploi-concepteur-outillage-aeronautique-recrutement-akkodis-maroc-tanger-177633.html,"","","03/12/2025","03/02/2026","1"
"Développeur Python / SQL (H/F) | Rabat (Maroc)",https://www.rekrute.com/offre-emploi-developpeur-python-sql-hf-recrutement-btechnologie-rabat-177632.html,"","","03/12/2025","03/02/2026","1"
"Responsable Système de Management de la Qualité & Qualité Projets | Nouaceur (Maroc)",https://www.rekrute.com/offre-emploi-responsable-systeme-de-management-de-la-qualite-qualite-projets-recrutement-structural-aerospace-morocco-aviagroup-nouaceur-177631.html,"","","03/12/2025","03/02/2026","1"
"Gestionnaire Administratif des marchés publics et privés | CASABLANCA (Maroc)",https://www.rekrute.com/offre-emploi-gestionnaire-administratif-des-marches-publics-et-prives-recrutement-claes-medical-service-casablanca-177630.html,"","","03/12/2025","03/02/2026","1"
"Opérateur Machine | Meknès (Maroc)",https://www.rekrute.com/offre-emploi-operateur-machine-recrutement-confidentiel-meknes-177629.html,"","","03/12/2025","03/02/2026","1"
"Coordinatrice du service après vente | Casablanca (Maroc)",https://www.rekrute.com/offre-emploi-coordinatrice-du-service-apres-vente-recrutement-claes-medical-service-casablanca-177628.html,"","","03/12/2025","03/02/2026","1"
"Tech lead PHP (H/F) | Casablanca (Maroc)",https://www.rekrute.com/offre-emploi-tech-lead-php-hf-recrutement-sofrecom-maroc-casablanca-177627.html,"","","03/12/2025","03/02/2026","03/02/2026"
"Chargé de Développement Communication-freelance | Tanger (Maroc)",https://www.rekrute.com/offre-emploi-charge-de-developpement-communication-freelance-recrutement-akkodis-maroc-tanger-177626.html,"","","03/12/2025","03/02/2026","1"
"Stagiaire PFE -Manager de rayon- | tout le maroc (Maroc)",https://www.rekrute.com/offre-emploi-stagiaire-pfe--manager-de-rayon--recrutement-groupe-labelvie---carrefour-tout-le-maroc-177625.html,"","","03/12/2025","03/02/2026","5"
"Directrice de crèche | Casablanca (Maroc)",https://www.rekrute.com/offre-emploi-directrice-de-creche-recrutement-fmps---fondation-marocaine-du-prescolaire-casablanca-177624.html,"","","03/12/2025","03/02/2026","1"
"Infographiste | Rabat (Maroc)",https://www.rekrute.com/offre-emploi-infographiste-recrutement-fmps---fondation-marocaine-du-prescolaire-rabat-177623.html,"","","03/12/2025","03/02/2026","1"
"Responsable développement RH | Rabat (Maroc)",https://www.rekrute.com/offre-emploi-responsable-developpement-rh-recrutement-fmps---fondation-marocaine-du-prescolaire-rabat-177622.html,"","","03/12/2025","03/02/2026","1"
"Chef de Division Rémunération et Paie | Rabat (Maroc)",https://www.rekrute.com/offre-emploi-chef-de-division-remuneration-et-paie-recrutement-fmps---fondation-marocaine-du-prescolaire-rabat-177621.html,"","","03/12/2025","03/02/2026","1"
"Ingénieur Intégration / EAI (H/F) | Rabat (Maroc)",https://www.rekrute.com/offre-emploi-ingenieur-integration-eai-hf-recrutement-huir---lhopital-universitaire-international-de-rabat-rabat-172788.html,"","","03/12/2025","21/01/2026","1"
"Ingénieur Fibre Offre Sur Mesure | Rabat (Maroc)",https://www.rekrute.com/offre-emploi-ingenieur-fibre-offre-sur-mesure-recrutement-btechnologie-rabat-177324.html,"","","02/12/2025","24/01/2026","1"
"Comptable Fournisseur | Rabat (Maroc)",https://www.rekrute.com/offre-emploi-comptable-fournisseur-recrutement-btechnologie-rabat-176077.html,"","","02/12/2025","13/12/2025","2"
"Data Engineer Confirmé | Rabat (Maroc)",https://www.rekrute.com/offre-emploi-data-engineer-confirme-recrutement-btechnologie-rabat-176268.html,"","","02/12/2025","17/12/2025","1"
"Testeur Automatisation - Confirmé (H/F) | Rabat (Maroc)",https://www.rekrute.com/offre-emploi-testeur-automatisation---confirme-hf-recrutement-btechnologie-rabat-177153.html,"","","02/12/2025","17/01/2026","2"
"Consultant Juridique Junior Affaires Judiciaires (H/F) | Casablanca (Maroc)",https://www.rekrute.com/offre-emploi-consultant-juridique-junior-affaires-judiciaires-hf-recrutement-attijariwafa-bank-casablanca-177620.html,"","","02/12/2025","02/02/2026","1"
"Gestionnaire Clientèle (H/F) | Casablanca (Maroc)",https://www.rekrute.com/offre-emploi-gestionnaire-clientele-hf-recrutement-attijariwafa-bank-casablanca-177619.html,"","","02/12/2025","02/02/2026","02/02/2026"
"Gestionnaire clientèle (H/F) | Rabat, Salé, Témara (Maroc)",https://www.rekrute.com/offre-emploi-gestionnaire-clientele-hf-recrutement-attijariwafa-bank-rabat-sale-temara-176844.html,"","","02/12/2025","05/01/2026","05/01/2026"
"Digital Marketing Specialist (H/F) | Casablanca (Maroc)",https://www.rekrute.com/offre-emploi-digital-marketing-specialist-hf-recrutement-maroc-climate-and-security-mcs---carrier-casablanca-177618.html,"","","02/12/2025","02/02/2026","1"
"Conseiller clientèle (H/F) - Chaouen / Jebha | Chefchaouen (Maroc)",https://www.rekrute.com/offre-emploi-conseiller-clientele-hf---chaouen-jebha-recrutement-attijariwafa-bank-chefchaouen-177347.html,"","","02/12/2025","24/01/2026","2"
"Conseiller clientèle (H/F) - Tétouan / Oued Laou | Tétouan (Maroc)",https://www.rekrute.com/offre-emploi-conseiller-clientele-hf---tetouan-oued-laou-recrutement-attijariwafa-bank-tetouan-177349.html,"","","02/12/2025","24/01/2026","1"
"Chargé(e) Trade Marketing | Casablanca (Maroc)",https://www.rekrute.com/offre-emploi-chargee-trade-marketing-recrutement-groupe-labelvie---carrefour-casablanca-177617.html,"","","02/12/2025","02/02/2026","1"
"Attaché commercial ( Sidi Bernoussi ) | Casablanca-Settat, Maroc (Maroc)",https://www.rekrute.com/offre-emploi-attache-commercial-sidi-bernoussi-recrutement-manpower-agences-casablanca-settat-maroc-177616.html,"","","02/12/2025","02/02/2026","1"
"MSN- RESEARCH ASSISTANT IN HYDROGEL MATERIALS | Benguerir (Maroc)",https://www.rekrute.com/offre-emploi-msn--research-assistant-in-hydrogel-materials-recrutement-um6p---universite-mohammed-vi-polytechnique-benguerir-177615.html,"","","02/12/2025","02/02/2026","1"
"Manager Commercial BTP | Errachidia (Maroc)",https://www.rekrute.com/offre-emploi-manager-commercial-btp-recrutement-confidentiel-errachidia-177309.html,"","","02/12/2025","24/01/2026","1"
"Responsable d'Affaires Fluides (H/F) | Tanger (Maroc)",https://www.rekrute.com/offre-emploi-responsable-daffaires-fluides-hf-recrutement-vinci-energies-afrique-de-louest-tanger-176181.html,"","","02/12/2025","15/12/2025","1"
"Manager projets IT et Digital Technopolis | Rabat (Maroc)",https://www.rekrute.com/offre-emploi-manager-projets-it-et-digital-technopolis-recrutement-axa-services-maroc-rabat-177614.html,"","","02/12/2025","02/02/2026","1"
"Agent Bureau d'Ordre | Rabat (Maroc)",https://www.rekrute.com/offre-emploi-agent-bureau-dordre-recrutement-huir---lhopital-universitaire-international-de-rabat-rabat-177613.html,"","","02/12/2025","02/02/2026","1"
"Directeur Commercial secteur gardiennage nettoyage intérim | Casablanca (Maroc)",https://www.rekrute.com/offre-emploi-directeur-commercial-secteur-gardiennage-nettoyage-interim-recrutement-confidentiel-casablanca-176208.html,"","","02/12/2025","15/12/2025","1"
"Chargé des éditions | Marrakech (Maroc)",https://www.rekrute.com/offre-emploi-charge-des-editions-recrutement-jardin-majorelle-marrakech-177612.html,"","","02/12/2025","02/02/2026","1"
"Quality Chef de Projet R&D Formule Senior ( H/F) | Casablanca (Maroc)",https://www.rekrute.com/offre-emploi-quality-chef-de-projet-rd-formule-senior-hf-recrutement-centrale-danone-casablanca-177518.html,"","","02/12/2025","28/01/2026","1"
"Responsable Canal CHR | Casablanca (Maroc)",https://www.rekrute.com/offre-emploi-responsable-canal-chr-recrutement-sotherma-casablanca-177611.html,"","","02/12/2025","02/02/2026","1"
"ExeKutive",https://www.rekrute.com/exek,"","","02/12/2025","02/03/2026","1"
"Responsable Qualité & Certification | Casablanca (Maroc)",https://www.rekrute.com/offre-emploi-responsable-qualite-certification-recrutement-confidentiel-casablanca-177531.html,"","","02/12/2025","02/02/2026","1"
"Stage PFE – HR Business Partner | Casablanca (Maroc)",https://www.rekrute.com/offre-emploi-stage-pfe-hr-business-partner-recrutement-confidentiel-casablanca-177609.html,"","","02/12/2025","02/02/2026","02/02/2026"
"Chargé de Portefeuille | Agadir (Maroc)",https://www.rekrute.com/offre-emploi-charge-de-portefeuille-recrutement-fondation-arrawaj-agadir-177608.html,"","","02/12/2025","02/02/2026","10"
"Commercial Senior | Casablanca (Maroc)",https://www.rekrute.com/offre-emploi-commercial-senior-recrutement-confidentiel-casablanca-177607.html,"","","02/12/2025","02/02/2026","1"
"Responsable d'Affaires Industrie Sénior (H/F) | Casablanca (Maroc)",https://www.rekrute.com/offre-emploi-responsable-daffaires-industrie-senior-hf-recrutement-vinci-energies-afrique-de-louest-casablanca-177606.html,"","","02/12/2025","02/02/2026","2"
"Directeur(trice) pédagogique | Casablanca (Maroc)",https://www.rekrute.com/offre-emploi-directeurtrice-pedagogique-recrutement-ecole-superieure-du-journalisme-et-de-la-communication-casablanca-177605.html,"","","02/12/2025","02/02/2026","1"
"Chargé de Portefeuille | Marrakech (Maroc)",https://www.rekrute.com/offre-emploi-charge-de-portefeuille-recrutement-fondation-arrawaj-marrakech-177604.html,"","","02/12/2025","02/02/2026","10"
"Ingénieur Conception Mécanique | Casablanca (Maroc)",https://www.rekrute.com/offre-emploi-ingenieur-conception-mecanique-recrutement-capgemini-engineering-casablanca-177115.html,"","","02/12/2025","17/01/2026","17/01/2026"
"Junior Import/Export Logistics Officer | Casablanca (Maroc)",https://www.rekrute.com/offre-emploi-junior-importexport-logistics-officer-recrutement-confidentiel-casablanca-177577.html,"","","02/12/2025","02/02/2026","1"
"Ingénieur(e) QA (H/F) | Rabat (Maroc)",https://www.rekrute.com/offre-emploi-ingenieure-qa-hf-recrutement-btechnologie-rabat-177603.html,"","","02/12/2025","02/02/2026","1"
"Guide | Marrakech (Maroc)",https://www.rekrute.com/offre-emploi-guide-recrutement-jardin-majorelle-marrakech-177602.html,"","","02/12/2025","02/02/2026","1"
"Collaborateur / collaboratrice Comptable confirmé/e | Rabat (Maroc)",https://www.rekrute.com/offre-emploi-collaborateur-collaboratrice-comptable-confirmee-recrutement-soreco-rabat-177601.html,"","","02/12/2025","02/02/2026","1"
"Gestionnaire Technique | CASABLANCA (Maroc)",https://www.rekrute.com/offre-emploi-gestionnaire-technique-recrutement-atlas-multiservices-casablanca-177600.html,"","","02/12/2025","02/02/2026","2"
"Chargé(e) de Relation client - CRC | Casablanca (Maroc)",https://www.rekrute.com/offre-emploi-chargee-de-relation-client---crc-recrutement-obk-technologies-auditec-casablanca-177599.html,"","","02/12/2025","02/02/2026","6"
"Superviseur Travaux et Patrimoine Immobilier | CASABLANCA (Maroc)",https://www.rekrute.com/offre-emploi-superviseur-travaux-et-patrimoine-immobilier-recrutement-atlas-multiservices-casablanca-177598.html,"","","02/12/2025","02/02/2026","1"
"Visiteur Médical (H/F) | Rabat (Maroc)",https://www.rekrute.com/offre-emploi-visiteur-medical-hf-recrutement-obk-technologies-auditec-rabat-177597.html,"","","02/12/2025","02/02/2026","1"
"Technicien IT | Casablanca (Maroc)",https://www.rekrute.com/offre-emploi-technicien-it-recrutement-richbond-casablanca-177596.html,"","","02/12/2025","02/02/2026","2"
"Hôtesse d'accueil | Casablanca (Maroc)",https://www.rekrute.com/offre-emploi-hotesse-daccueil-recrutement-domino-hr-morocco-casablanca-177594.html,"","","02/12/2025","02/02/2026","1"
"Analista/Técnico de Soporte / Operaciones Técnicas | Tétouan (Maroc)",https://www.rekrute.com/offre-emploi-analistatecnico-de-soporte-operaciones-tecnicas-recrutement-ntt-data-tetouan-177375.html,"","","02/12/2025","25/01/2026","10"
"Coordinador Técnico Senior (SQL / UNIX / Middleware) | Tétouan (Maroc)",https://www.rekrute.com/offre-emploi-coordinador-tecnico-senior-sql-unix-middleware-recrutement-ntt-data-tetouan-177374.html,"","","02/12/2025","25/01/2026","10"
"Assistante Marketing & Contenu Digital | Casablanca (Maroc)",https://www.rekrute.com/offre-emploi-assistante-marketing-contenu-digital-recrutement-imaraq-trading-casablanca-177108.html,"","","02/12/2025","15/01/2026","1"
"Agente Administrativo - Spanish Speaking | Tétouan (Maroc)",https://www.rekrute.com/offre-emploi-agente-administrativo---spanish-speaking-recrutement-ntt-data-tetouan-176957.html,"","","02/12/2025","10/01/2026","50"
"Chef Comptable (H/F) | Casablanca (Maroc)",https://www.rekrute.com/offre-emploi-chef-comptable-hf-recrutement-cac-centrale-automobile-cherifienne-casablanca-176237.html,"","","02/12/2025","16/12/2025","1"
"Comptable Clients | Casablanca (Maroc)",https://www.rekrute.com/offre-emploi-comptable-clients-recrutement-cac-centrale-automobile-cherifienne-casablanca-177043.html,"","","02/12/2025","12/01/2026","12/01/2026"
"Comptable Fournisseurs Immobilisations | Casablanca (Maroc)",https://www.rekrute.com/offre-emploi-comptable-fournisseurs-immobilisations-recrutement-cac-centrale-automobile-cherifienne-casablanca-177041.html,"","","02/12/2025","12/01/2026","12/01/2026"
"Senior Data Scientist | Casablanca (Maroc)",https://www.rekrute.com/offre-emploi-senior-data-scientist-recrutement-leyton-casablanca-177593.html,"","","02/12/2025","02/02/2026","1"
"Scientific Consultant - Spanish Speaker | Casablanca (Maroc)",https://www.rekrute.com/offre-emploi-scientific-consultant---spanish-speaker-recrutement-leyton-casablanca-177592.html,"","","02/12/2025","02/02/2026","02/02/2026"
"GESTIONNAIRE RISQUE COMMERCANTS - KYC | Casablanca (Maroc)",https://www.rekrute.com/offre-emploi-gestionnaire-risque-commercants---kyc-recrutement-attijari-payment-processing-casablanca-177591.html,"","","01/12/2025","01/02/2026","2"
"GESTIONNAIRE GAB | Casablanca (Maroc)",https://www.rekrute.com/offre-emploi-gestionnaire-gab-recrutement-attijari-payment-processing-casablanca-177590.html,"","","01/12/2025","01/02/2026","2"
"Office Manager/ Exécutive Assistant | Rabat (Maroc)",https://www.rekrute.com/offre-emploi-office-manager-executive-assistant-recrutement-societe-de-developpement-des-services-publics-de-distribution-rabat-177589.html,"","","01/12/2025","01/02/2026","1"
"Data Engineer JAVA / SPARK - Confirmé / Expert (H/F) | Rabat (Maroc)",https://www.rekrute.com/offre-emploi-data-engineer-java-spark---confirme-expert-hf-recrutement-btechnologie-rabat-177137.html,"","","01/12/2025","01/02/2026","2"
"Data Engineer PYTHON / SPARK - Confirmé /Expert (H/F) | Rabat (Maroc)",https://www.rekrute.com/offre-emploi-data-engineer-python-spark---confirme-expert-hf-recrutement-btechnologie-rabat-177139.html,"","","01/12/2025","01/02/2026","2"
"Data Engineer - BIG Data / ETL / TERADATA - Confirmé /Expert (H/F) | Rabat (Maroc)",https://www.rekrute.com/offre-emploi-data-engineer---big-data-etl-teradata---confirme-expert-hf-recrutement-btechnologie-rabat-177144.html,"","","01/12/2025","01/02/2026","2"
"Responsable Administratif et Financier (H/F) | Dakhla (Maroc)",https://www.rekrute.com/offre-emploi-responsable-administratif-et-financier-hf-recrutement-groupe-azura-dakhla-177588.html,"","","01/12/2025","01/02/2026","1"
"Avis aux jeunes diplômés. intégrez unifitel et bénéficiez d'un tremplin vers les métiers financiers | Casablanca (Maroc)",https://www.rekrute.com/offre-emploi-avis-aux-jeunes-diplomes.-integrez-unifitel-et-beneficiez-dun-tremplin-vers-les-metiers-financiers-recrutement-unifitel-casablanca-177369.html,"","","01/12/2025","25/01/2026","10"
"Chargé de Parc Auto (H/F) | Bouskoura (Maroc)",https://www.rekrute.com/offre-emploi-charge-de-parc-auto-hf-recrutement-confidentiel-bouskoura-177586.html,"","","01/12/2025","01/02/2026","1"
"Agent Logistique | Casablanca (Maroc)",https://www.rekrute.com/offre-emploi-agent-logistique-recrutement-cac-centrale-automobile-cherifienne-casablanca-177585.html,"","","01/12/2025","01/02/2026","1"
"Développeur C#/.NET Core | Casablanca (Maroc)",https://www.rekrute.com/offre-emploi-developpeur-c.net-core-recrutement-bricoma-casablanca-177562.html,"","","01/12/2025","01/02/2026","1"
"Comptable (H/F) | Casablanca (Maroc)",https://www.rekrute.com/offre-emploi-comptable-hf-recrutement-confidentiel-casablanca-177584.html,"","","01/12/2025","01/02/2026","1"
"Internship Offer - RFID Firmware & Mobile Application Developer | Benguerir (Maroc)",https://www.rekrute.com/offre-emploi-internship-offer---rfid-firmware-mobile-application-developer-recrutement-um6p---universite-mohammed-vi-polytechnique-benguerir-177446.html,"","","01/12/2025","01/02/2026","1"
"Ingenieur en geophysique appliquee et modelisation geologique H/F | Benguerir (Maroc)",https://www.rekrute.com/offre-emploi-ingenieur-en-geophysique-appliquee-et-modelisation-geologique-hf-recrutement-um6p---universite-mohammed-vi-polytechnique-benguerir-177483.html,"","","01/12/2025","01/02/2026","1"
"Responsable Qualité Opérationnelle - Homologation Produit/Processus H/F | Agadir (Maroc)",https://www.rekrute.com/offre-emploi-responsable-qualite-operationnelle---homologation-produitprocessus-hf-recrutement-groupe-azura-agadir-177583.html,"","","01/12/2025","01/02/2026","01/02/2026"
"Senior Instrumentation Engineer | Benguerir (Maroc)",https://www.rekrute.com/offre-emploi-senior-instrumentation-engineer-recrutement-um6p---universite-mohammed-vi-polytechnique-benguerir-177553.html,"","","01/12/2025","01/02/2026","1"
"Consultant Avant-Vente Service | Casablanca (Maroc)",https://www.rekrute.com/offre-emploi-consultant-avant-vente-service-recrutement-intelcia-its-casablanca-177582.html,"","","01/12/2025","01/02/2026","1"
"Chargé de Développement RH | Casablanca (Maroc)",https://www.rekrute.com/offre-emploi-charge-de-developpement-rh-recrutement-bank-al-yousr-casablanca-177581.html,"","","01/12/2025","01/02/2026","1"
"ExeKutive",https://www.rekrute.com/exek,"","","01/12/2025","01/03/2026","1"
"Ingénieur Développement en .NET expérimenté (e) parfaitement francophone | Casablanca (Maroc)",https://www.rekrute.com/offre-emploi-ingenieur-developpement-en-.net-experimente-e-parfaitement-francophone-recrutement-genius-services-casablanca-177579.html,"","","01/12/2025","01/02/2026","1"
"Responsable Opérationnel Assurance Qualité H/F | Agadir (Maroc)",https://www.rekrute.com/offre-emploi-responsable-operationnel-assurance-qualite-hf-recrutement-groupe-azura-agadir-177578.html,"","","01/12/2025","01/02/2026","1"
"Chargé(e) d'affaires | Fès (Maroc)",https://www.rekrute.com/offre-emploi-chargee-daffaires-recrutement-bank-assafa-fes-177576.html,"","","01/12/2025","01/02/2026","1"
"Testeur Informatique Anglophone (H/F) | Salé Technopolis (Maroc)",https://www.rekrute.com/offre-emploi-testeur-informatique-anglophone-hf-recrutement-axa-services-maroc-sale-technopolis-177575.html,"","","01/12/2025","01/02/2026","4"
"Consultant Technique Salesforce | Casablanca (Maroc)",https://www.rekrute.com/offre-emploi-consultant-technique-salesforce-recrutement-inetum-casablanca-177573.html,"","","01/12/2025","01/02/2026","01/02/2026"
"Juriste Corporate Senior | Casablanca (Maroc)",https://www.rekrute.com/offre-emploi-juriste-corporate-senior-recrutement-groupe-addoha-casablanca-177021.html,"","","01/12/2025","12/01/2026","1"
"Responsable IT (H/F) | Rabat (Maroc)",https://www.rekrute.com/offre-emploi-responsable-it-hf-recrutement-sofrecom-maroc-rabat-177572.html,"","","01/12/2025","01/02/2026","01/02/2026"
"Auditeur Qualité Interne H/F | Agadir (Maroc)",https://www.rekrute.com/offre-emploi-auditeur-qualite-interne-hf-recrutement-groupe-azura-agadir-177571.html,"","","01/12/2025","01/02/2026","1"
"Concepteur Développeur Python / Ansible (H/ F) | Rabat (Maroc)",https://www.rekrute.com/offre-emploi-concepteur-developpeur-python-ansible-h-f-recrutement-confidentiel-rabat-177061.html,"","","01/12/2025","13/01/2026","1"
"Architect Expert en Observabilité (H/ F) | Rabat (Maroc)",https://www.rekrute.com/offre-emploi-architect-expert-en-observabilite-h-f-recrutement-confidentiel-rabat-177012.html,"","","01/12/2025","12/01/2026","1"
"Concepteur Développeur C++ (H/ F) | Casablanca (Maroc)",https://www.rekrute.com/offre-emploi-concepteur-developpeur-c-h-f-recrutement-confidentiel-casablanca-177317.html,"","","01/12/2025","24/01/2026","1"
"Ingénieur DevOps Sénior (H/F) | Casablanca (Maroc)",https://www.rekrute.com/offre-emploi-ingenieur-devops-senior-hf-recrutement-confidentiel-casablanca-177570.html,"","","01/12/2025","01/02/2026","1"
"Concepteur Développeur Fullstack (H/F) | Casablanca (Maroc)",https://www.rekrute.com/offre-emploi-concepteur-developpeur-fullstack-hf-recrutement-confidentiel-casablanca-177569.html,"","","01/12/2025","01/02/2026","1"
"Ingénieur de production DevOps (H/F) | Casablanca (Maroc)",https://www.rekrute.com/offre-emploi-ingenieur-de-production-devops-hf-recrutement-confidentiel-casablanca-177568.html,"","","01/12/2025","01/02/2026","1"
"Gérant de Station-Service | Khouribga (Maroc)",https://www.rekrute.com/offre-emploi-gerant-de-station-service-recrutement-confidentiel-khouribga-177406.html,"","","01/12/2025","26/01/2026","1"
"Déposez votre #CandidatureSpontanée. | Casablanca (Maroc)",https://www.rekrute.com/offre-emploi-deposez-votre-candidaturespontanee.-recrutement-rekrute-casablanca-95607.html,"","","01/12/2025","30/11/2026","30/11/2026"
"Consultant RH Expérimenté (H/F) | Casablanca (Maroc)",https://www.rekrute.com/offre-emploi-consultant-rh-experimente-hf-recrutement-rekrute-casablanca-177567.html,"","","01/12/2025","01/02/2026","1"
"Technicien(ne) SIG / Développement Rural | Salé, Technopolis (Maroc)",https://www.rekrute.com/offre-emploi-technicienne-sig-developpement-rural-recrutement-novec-sale-technopolis-177566.html,"","","01/12/2025","01/02/2026","2"
"Manager H/F | Rabat (Maroc)",https://www.rekrute.com/offre-emploi-manager-hf-recrutement-mcdonalds-maroc-rabat-177565.html,"","","01/12/2025","01/02/2026","6"
"Formateur Franco-Anglophone - Secteur du Travel | Marrakech (Maroc)",https://www.rekrute.com/offre-emploi-formateur-franco-anglophone---secteur-du-travel-recrutement-concentrix-marrakech-177564.html,"","","01/12/2025","01/02/2026","10"
"Administrateur réseaux | Casablanca (Maroc)",https://www.rekrute.com/offre-emploi-administrateur-reseaux-recrutement-eca-assurances-casablanca-177354.html,"","","01/12/2025","24/01/2026","1"
"Chef de Projets RSE | Tanger (Maroc)",https://www.rekrute.com/offre-emploi-chef-de-projets-rse-recrutement-confidentiel-tanger-177563.html,"","","01/12/2025","01/02/2026","1"
"Data Analyste | Rabat (Maroc)",https://www.rekrute.com/offre-emploi-data-analyste-recrutement-manpower-agences-rabat-177496.html,"","","01/12/2025","28/01/2026","1"
"Spécialiste achat | Casablanca (Maroc)",https://www.rekrute.com/offre-emploi-specialiste-achat-recrutement-cnexia-casablanca-177561.html,"","","01/12/2025","01/02/2026","1"
"Responsable Contrôle de gestion Industriel | Casablanca (Maroc)",https://www.rekrute.com/offre-emploi-responsable-controle-de-gestion-industriel-recrutement-confidentiel-casablanca-177028.html,"","","01/12/2025","13/01/2026","1"
"Chargé Unité Documentation | Benguerir (Maroc)",https://www.rekrute.com/offre-emploi-charge-unite-documentation-recrutement-apee---association-pour-la-promotion-de-lenseignement-dexcellence-benguerir-175353.html,"","","01/12/2025","01/02/2026","1"
"Acheteur IT (Salé Technopolis) | Rabat (Maroc)",https://www.rekrute.com/offre-emploi-acheteur-it-sale-technopolis-recrutement-axa-services-maroc-rabat-177559.html,"","","01/12/2025","01/02/2026","1"
"Customer Support representative – logistics (nederlands sprekend, 100% remote) | Casablanca (Maroc)",https://www.rekrute.com/offre-emploi-customer-support-representative-logistics-nederlands-sprekend-100-remote-recrutement-foundever-ex-sitel-group-casablanca-177558.html,"","","01/12/2025","01/02/2026","10"
"Klantendienstmedewerker – Leider in Belgische telecommunicatie | Rabat (Maroc)",https://www.rekrute.com/offre-emploi-klantendienstmedewerker-leider-in-belgische-telecommunicatie-recrutement-foundever-ex-sitel-group-rabat-177557.html,"","","01/12/2025","01/02/2026","7"
"Responsable Commercial de Marque - Secteur IT | Casablanca (Maroc)",https://www.rekrute.com/offre-emploi-responsable-commercial-de-marque---secteur-it-recrutement-disty-technologies-casablanca-177556.html,"","","30/11/2025","30/01/2026","1"
"Ingénieur informatique - Technico-Commercial | Casablanca (Maroc)",https://www.rekrute.com/offre-emploi-ingenieur-informatique---technico-commercial-recrutement-disty-technologies-casablanca-177555.html,"","","30/11/2025","30/01/2026","2"
"Conseiller Commercial - Matériel et Solutions Informatiques | Casablanca (Maroc)",https://www.rekrute.com/offre-emploi-conseiller-commercial---materiel-et-solutions-informatiques-recrutement-disty-technologies-casablanca-177554.html,"","","30/11/2025","30/01/2026","3"
"Standardiste Expérimentée | Casablanca (Maroc)",https://www.rekrute.com/offre-emploi-standardiste-experimentee-recrutement-confidentiel-casablanca-177552.html,"","","30/11/2025","30/01/2026","1"
"Agent de Trésorerie / Chargé(e) de Règlements Fournisseurs | Casablanca (Maroc)",https://www.rekrute.com/offre-emploi-agent-de-tresorerie-chargee-de-reglements-fournisseurs-recrutement-confidentiel-casablanca-177551.html,"","","30/11/2025","30/01/2026","1"
"Chef d’Équipe Technique en Traitement des Eaux | Casablanca (Maroc)",https://www.rekrute.com/offre-emploi-chef-dequipe-technique-en-traitement-des-eaux-recrutement-lead-insight-consulting-casablanca-176439.html,"","","30/11/2025","22/12/2025","1"
"Technicien Supérieur SAV | Casablanca (Maroc)",https://www.rekrute.com/offre-emploi-technicien-superieur-sav-recrutement-professional-labo-casablanca-177550.html,"","","29/11/2025","29/01/2026","2"
"Engineer AIoT Robotic Lab | Benguerir (Maroc)",https://www.rekrute.com/offre-emploi-engineer-aiot-robotic-lab-recrutement-um6p---universite-mohammed-vi-polytechnique-benguerir-177549.html,"","","29/11/2025","29/01/2026","1"
"Business Developer Senior – Expert du Closing Commercial | Casablanca (Maroc)",https://www.rekrute.com/offre-emploi-business-developer-senior-expert-du-closing-commercial-recrutement-weclose-casablanca-177301.html,"","","29/11/2025","22/01/2026","10"
"Sales Executive – Closing Expert | Casablanca (Maroc)",https://www.rekrute.com/offre-emploi-sales-executive-closing-expert-recrutement-weclose-casablanca-177548.html,"","","29/11/2025","29/01/2026","50"
"Commercial(e) Inside Sales – Full Closing | Casablanca (Maroc)",https://www.rekrute.com/offre-emploi-commerciale-inside-sales-full-closing-recrutement-weclose-casablanca-177547.html,"","","29/11/2025","29/01/2026","50"
"High-Performance Closer – Marché Francophone | Casablanca (Maroc)",https://www.rekrute.com/offre-emploi-high-performance-closer-marche-francophone-recrutement-weclose-casablanca-177546.html,"","","29/11/2025","29/01/2026","50"
"Consultant Commercial Closing / Weclose | Casablanca (Maroc)",https://www.rekrute.com/offre-emploi-consultant-commercial-closing-weclose-recrutement-weclose-casablanca-177545.html,"","","29/11/2025","29/01/2026","50"
"Responsable Marketing | Meknès (Maroc)",https://www.rekrute.com/offre-emploi-responsable-marketing-recrutement-confidentiel-meknes-176642.html,"","","29/11/2025","30/12/2025","1"
"Nous recrutons des chargés(es) de relation client en réception d'appels. | Casablanca (Maroc)",https://www.rekrute.com/offre-emploi-nous-recrutons-des-chargeses-de-relation-client-en-reception-dappels.-recrutement-foundever-ex-sitel-group-casablanca-177543.html,"","","29/11/2025","29/01/2026","15"
"Conseillers clients en assurance (réception d'appels) - casablanca | Casablanca (Maroc)",https://www.rekrute.com/offre-emploi-conseillers-clients-en-assurance-reception-dappels---casablanca-recrutement-foundever-ex-sitel-group-casablanca-177542.html,"","","29/11/2025","29/01/2026","10"
"Nous recrutons des conseillers clients en réception d'appel sur notre site à Yaacoub El Mansour | Casablanca (Maroc)",https://www.rekrute.com/offre-emploi-nous-recrutons-des-conseillers-clients-en-reception-dappel-sur-notre-site-a-yaacoub-el-mansour-recrutement-foundever-ex-sitel-group-casablanca-177541.html,"","","29/11/2025","29/01/2026","10"
"Gestionnaire Administratif des marchés publics et privés | CASABLANCA (Maroc)",https://www.rekrute.com/offre-emploi-gestionnaire-administratif-des-marches-publics-et-prives-recrutement-claes-medical-service-casablanca-176894.html,"","","28/11/2025","07/01/2026","1"
"Comptable Junior (H/F) | Casablanca (Maroc)",https://www.rekrute.com/offre-emploi-comptable-junior-hf-recrutement-pwc-casablanca-177540.html,"","","28/11/2025","28/01/2026","2"
"Payroll Specialist / Spécialiste Paie | Casablanca (Maroc)",https://www.rekrute.com/offre-emploi-payroll-specialist-specialiste-paie-recrutement-moore-casablanca-casablanca-177539.html,"","","28/11/2025","28/01/2026","1"
"Agents Opérations | CASABLANCA (Maroc)",https://www.rekrute.com/offre-emploi-agents-operations-recrutement-atlas-multiservices-casablanca-177538.html,"","","28/11/2025","28/01/2026","22"
"Rabat – Comparateur d’offres en Energie – Proposez l’économie ! | Rabat (Maroc)",https://www.rekrute.com/offre-emploi-rabat-comparateur-doffres-en-energie-proposez-leconomie-recrutement-adm-value-rabat-177537.html,"","","28/11/2025","28/01/2026","5"
"Chef de Vente Automobile | Khénifra (Maroc)",https://www.rekrute.com/offre-emploi-chef-de-vente-automobile-recrutement-confidentiel-khenifra-177535.html,"","","28/11/2025","28/01/2026","1"
"Télévendeurs- emission d'appels #tlv9925 | Rabat (Maroc)",https://www.rekrute.com/offre-emploi-televendeurs--emission-dappels-tlv9925-recrutement-marketing-call-center-rabat-176473.html,"","","28/11/2025","23/12/2025","15"
"Commerciaux (H/F) Expérimentés - 6000 DH - Primes Déplafonnées - WEEKENDS OFF ! #CE10/25 | Rabat (Maroc)",https://www.rekrute.com/offre-emploi-commerciaux-hf-experimentes---6000-dh---primes-deplafonnees---weekends-off-ce1025-recrutement-marketing-call-center-rabat-176723.html,"","","28/11/2025","01/01/2026","5"
"Formador hispanohablante (h/m) #tr-sp11/25 | Rabat (Maroc)",https://www.rekrute.com/offre-emploi-formador-hispanohablante-hm-tr-sp1125-recrutement-marketing-call-center-rabat-177264.html,"","","28/11/2025","21/01/2026","1"
"Team manager hispanophone #tl-esp1125 | Rabat (Maroc)",https://www.rekrute.com/offre-emploi-team-manager-hispanophone-tl-esp1125-recrutement-marketing-call-center-rabat-177265.html,"","","28/11/2025","21/01/2026","1"
"Qualiticien hispanophone #qa/esp1125 | Rabat (Maroc)",https://www.rekrute.com/offre-emploi-qualiticien-hispanophone-qaesp1125-recrutement-marketing-call-center-rabat-177266.html,"","","28/11/2025","21/01/2026","1"
"Process Engineer | Benguerir (Maroc)",https://www.rekrute.com/offre-emploi-process-engineer-recrutement-um6p---universite-mohammed-vi-polytechnique-benguerir-177534.html,"","","28/11/2025","28/01/2026","1"
"Internship Offer - RFID Firmware & Mobile Application Developer | Benguerir (Maroc)",https://www.rekrute.com/offre-emploi-internship-offer---rfid-firmware-mobile-application-developer-recrutement-um6p---universite-mohammed-vi-polytechnique-benguerir-177533.html,"","","28/11/2025","28/01/2026","1"
"Conseiller clients pour un fournisseur d'électricité et de gaz – erreurs pdl & rétention | Rabat (Maroc)",https://www.rekrute.com/offre-emploi-conseiller-clients-pour-un-fournisseur-delectricite-et-de-gaz-erreurs-pdl-retention-recrutement-adm-value-rabat-177530.html,"","","28/11/2025","28/01/2026","8"
"Chef de Vente Automobile | Khémisset (Maroc)",https://www.rekrute.com/offre-emploi-chef-de-vente-automobile-recrutement-confidentiel-khemisset-177529.html,"","","28/11/2025","28/01/2026","1"
"COMMERCIAL REGIONAL | Rabat (Maroc)",https://www.rekrute.com/offre-emploi-commercial-regional-recrutement-attijari-payment-processing-rabat-177528.html,"","","28/11/2025","28/01/2026","1"
"COMMERCIAL REGIONAL | Casablanca (Maroc)",https://www.rekrute.com/offre-emploi-commercial-regional-recrutement-attijari-payment-processing-casablanca-177527.html,"","","28/11/2025","28/01/2026","1"
"Rabat - conseiller·ère service client — fournisseur d’énergie (réception d’appels) | Rabat (Maroc)",https://www.rekrute.com/offre-emploi-rabat---conseillerere-service-client-fournisseur-denergie-reception-dappels-recrutement-adm-value-rabat-177526.html,"","","28/11/2025","28/01/2026","5"
"Chef Comptable | Casablanca (Maroc)",https://www.rekrute.com/offre-emploi-chef-comptable-recrutement-attijari-payment-processing-casablanca-177525.html,"","","28/11/2025","28/01/2026","1"
"COMMERCIAL REGIONAL | Tanger (Maroc)",https://www.rekrute.com/offre-emploi-commercial-regional-recrutement-attijari-payment-processing-tanger-177524.html,"","","28/11/2025","28/01/2026","1"
"Chimiste – O&M | Bir Anzarane - Dakhla (Maroc)",https://www.rekrute.com/offre-emploi-chimiste-om-recrutement-dakhla-water-energy-company-bir-anzarane---dakhla-177523.html,"","","28/11/2025","28/01/2026","2"
"Trésorier / Salle des Marchés | Casablanca (Maroc)",https://www.rekrute.com/offre-emploi-tresorier-salle-des-marches-recrutement-attijariwafa-bank-casablanca-176670.html,"","","28/11/2025","30/12/2025","1"
"Conseiller Entreprises Senior | Rabat, Salé, Témara (Maroc)",https://www.rekrute.com/offre-emploi-conseiller-entreprises-senior-recrutement-attijariwafa-bank-rabat-sale-temara-176671.html,"","","28/11/2025","30/12/2025","3"
"Bartender F&B Services - School of Hospitality Business and Management | Benguerir (Maroc)",https://www.rekrute.com/offre-emploi-bartender-fb-services---school-of-hospitality-business-and-management-recrutement-um6p---universite-mohammed-vi-polytechnique-benguerir-173197.html,"","","28/11/2025","06/01/2026","1"
"Chargé(e) de Qualité - SMQ ISO 9001 | Bouskoura (Maroc)",https://www.rekrute.com/offre-emploi-chargee-de-qualite---smq-iso-9001-recrutement-foods-and-goods-bouskoura-177522.html,"","","28/11/2025","28/01/2026","1"
"Admissions Coordinator - SHBM | Benguerir (Maroc)",https://www.rekrute.com/offre-emploi-admissions-coordinator---shbm-recrutement-um6p---universite-mohammed-vi-polytechnique-benguerir-177521.html,"","","28/11/2025","28/01/2026","1"
"Chargé d'Affaires ( Entreprises / Corporate) | Casablanca (Maroc)",https://www.rekrute.com/offre-emploi-charge-daffaires-entreprises-corporate-recrutement-bank-al-yousr-casablanca-177520.html,"","","28/11/2025","28/01/2026","2"
"Campagne de recrutement de stagiaires PFE 2026 | Tanger // Casablanca (Maroc)",https://www.rekrute.com/offre-emploi-campagne-de-recrutement-de-stagiaires-pfe-2026-recrutement-akkodis-maroc-tanger-casablanca-177519.html,"","","28/11/2025","28/01/2026","28/01/2026"
"Manager Cellule Conditionnement Fabrication (H/F) | Meknès (Maroc)",https://www.rekrute.com/offre-emploi-manager-cellule-conditionnement-fabrication-hf-recrutement-centrale-danone-meknes-176530.html,"","","28/11/2025","27/12/2025","1"
"Responsable Projets (H/F) | El Jadida (Maroc)",https://www.rekrute.com/offre-emploi-responsable-projets-hf-recrutement-centrale-danone-el-jadida-176532.html,"","","28/11/2025","27/12/2025","1"
"Senior Manufacturing Performance Manager & IWS MCL (H/F) | Casablanca (Maroc)",https://www.rekrute.com/offre-emploi-senior-manufacturing-performance-manager-iws-mcl-hf-recrutement-centrale-danone-casablanca-176531.html,"","","28/11/2025","27/12/2025","1"
"Assistant Brand Manager ( H/F) | Casablanca (Maroc)",https://www.rekrute.com/offre-emploi-assistant-brand-manager-hf-recrutement-centrale-danone-casablanca-176548.html,"","","28/11/2025","27/12/2025","1"
"Agent Administratif RH (H/F) | Casablanca (Maroc)",https://www.rekrute.com/offre-emploi-agent-administratif-rh-hf-recrutement-centrale-danone-casablanca-176556.html,"","","28/11/2025","27/12/2025","1"
"Coordinateur Sales (H/F) | Casablanca (Maroc)",https://www.rekrute.com/offre-emploi-coordinateur-sales-hf-recrutement-centrale-danone-casablanca-176553.html,"","","28/11/2025","27/12/2025","1"
"Agent RH ( H/F) | Kénitra (Maroc)",https://www.rekrute.com/offre-emploi-agent-rh-hf-recrutement-centrale-danone-kenitra-176549.html,"","","28/11/2025","27/12/2025","1"
"Invoicing & Claims Manager - Responsable Facturation et Réclamations ( H/ F) | Casablanca (Maroc)",https://www.rekrute.com/offre-emploi-invoicing-claims-manager---responsable-facturation-et-reclamations-h-f-recrutement-centrale-danone-casablanca-176551.html,"","","28/11/2025","27/12/2025","1"
"Agent RH ( H/F) | Tanger (Maroc)",https://www.rekrute.com/offre-emploi-agent-rh-hf-recrutement-centrale-danone-tanger-176550.html,"","","28/11/2025","27/12/2025","1"
"Junior Brand Manager ( H/F) | Casablanca (Maroc)",https://www.rekrute.com/offre-emploi-junior-brand-manager-hf-recrutement-centrale-danone-casablanca-176541.html,"","","28/11/2025","27/12/2025","2"
"Safety Manager (H/F) | El Jadida (Maroc)",https://www.rekrute.com/offre-emploi-safety-manager-hf-recrutement-centrale-danone-el-jadida-176536.html,"","","28/11/2025","27/12/2025","1"
"Responsable Technique (H/F) | Meknès (Maroc)",https://www.rekrute.com/offre-emploi-responsable-technique-hf-recrutement-centrale-danone-meknes-176534.html,"","","28/11/2025","27/12/2025","1"
"Manager HSE (H/F) | Meknès (Maroc)",https://www.rekrute.com/offre-emploi-manager-hse-hf-recrutement-centrale-danone-meknes-176533.html,"","","28/11/2025","27/12/2025","1"
"Administrative Agent - German Speaking | Tétouan (Maroc)",https://www.rekrute.com/offre-emploi-administrative-agent---german-speaking-recrutement-ntt-data-tetouan-176262.html,"","","28/11/2025","17/12/2025","50"
"¡tu oportunidad para crecer hablando español en tánger! - Tanger | Tanger (Maroc)",https://www.rekrute.com/offre-emploi-tu-oportunidad-para-crecer-hablando-espanol-en-tanger---tanger-recrutement-foundever-ex-sitel-group-tanger-177513.html,"","","28/11/2025","28/01/2026","28/01/2026"
"¡tu oportunidad para crecer hablando español en tánger! - Tanger | Tanger (Maroc)",https://www.rekrute.com/offre-emploi-tu-oportunidad-para-crecer-hablando-espanol-en-tanger---tanger-recrutement-foundever-ex-sitel-group-tanger-177513.html,"","","28/11/2025","28/01/2026","28/01/2026"
"Chargé(e) de marketing digital | Rabat (Maroc)",https://www.rekrute.com/offre-emploi-chargee-de-marketing-digital-recrutement-fondation-arrawaj-rabat-177511.html,"","","28/11/2025","28/01/2026","1"
"Comptable confirmé | Casablanca (Maroc)",https://www.rekrute.com/offre-emploi-comptable-confirme-recrutement-distamed-sarl-casablanca-176041.html,"","","28/11/2025","10/12/2025","1"
"Assistante commerciale / technique | Rabat (Maroc)",https://www.rekrute.com/offre-emploi-assistante-commerciale-technique-recrutement-distamed-sarl-rabat-177510.html,"","","28/11/2025","28/01/2026","2"
"Responsable ALUMNI | ALUMNI relations manager | Salé (Maroc)",https://www.rekrute.com/offre-emploi-responsable-alumni-alumni-relations-manager-recrutement-universite-internationale-de-rabat-uir-sale-177509.html,"","","28/11/2025","28/01/2026","1"
"Gestionnaire Paie et Administration du Personnel | Rabat (Maroc)",https://www.rekrute.com/offre-emploi-gestionnaire-paie-et-administration-du-personnel-recrutement-btechnologie-rabat-176076.html,"","","28/11/2025","13/12/2025","3"
"Expert Validation sur les Plateformes des Services du Fixe | Rabat (Maroc)",https://www.rekrute.com/offre-emploi-expert-validation-sur-les-plateformes-des-services-du-fixe-recrutement-btechnologie-rabat-176160.html,"","","28/11/2025","14/12/2025","3"
"Consultant Facturation Junior (H/F) | Rabat (Maroc)",https://www.rekrute.com/offre-emploi-consultant-facturation-junior-hf-recrutement-btechnologie-rabat-176535.html,"","","28/11/2025","27/12/2025","1"
"Référent Validation sur les Plateformes des Services du Fixe | Rabat (Maroc)",https://www.rekrute.com/offre-emploi-referent-validation-sur-les-plateformes-des-services-du-fixe-recrutement-btechnologie-rabat-176634.html,"","","28/11/2025","29/12/2025","3"
"Chargé(e) Contrôle de Gestion Ressources Humaines & Reporting | Nouaceur (Maroc)",https://www.rekrute.com/offre-emploi-chargee-controle-de-gestion-ressources-humaines-reporting-recrutement-confidentiel-nouaceur-177508.html,"","","28/11/2025","28/01/2026","1"
"Release Manager Salesforce - Expert (H/F) | Rabat (Maroc)",https://www.rekrute.com/offre-emploi-release-manager-salesforce---expert-hf-recrutement-btechnologie-rabat-177160.html,"","","28/11/2025","17/01/2026","1"
"Référent Validation - Expert (H/F) | Rabat (Maroc)",https://www.rekrute.com/offre-emploi-referent-validation---expert-hf-recrutement-btechnologie-rabat-177150.html,"","","28/11/2025","17/01/2026","3"
"Développeur Fullstack .NET /React /TS - Expert (H/F) | Rabat (Maroc)",https://www.rekrute.com/offre-emploi-developpeur-fullstack-.net-react-ts---expert-hf-recrutement-btechnologie-rabat-177156.html,"","","28/11/2025","17/01/2026","1"
"Chef de Projet -TEST QA - Expert /Senior (H/F) | Rabat (Maroc)",https://www.rekrute.com/offre-emploi-chef-de-projet--test-qa---expert-senior-hf-recrutement-btechnologie-rabat-177147.html,"","","28/11/2025","17/01/2026","1"
"Testeur Salesforce Automatisation Robot Framework - Confirmé (H/F) | Rabat (Maroc)",https://www.rekrute.com/offre-emploi-testeur-salesforce-automatisation-robot-framework---confirme-hf-recrutement-btechnologie-rabat-177151.html,"","","28/11/2025","17/01/2026","3"
"Référent Validation - Junior /Confirmé (H/F) | Rabat (Maroc)",https://www.rekrute.com/offre-emploi-referent-validation---junior-confirme-hf-recrutement-btechnologie-rabat-177149.html,"","","28/11/2025","17/01/2026","3"
"Gestionnaire Administratif - Junior /Confirmé (H/F) | Rabat (Maroc)",https://www.rekrute.com/offre-emploi-gestionnaire-administratif---junior-confirme-hf-recrutement-btechnologie-rabat-177163.html,"","","28/11/2025","17/01/2026","6"
"Comptable Fournisseurs - Confirmé | Rabat (Maroc)",https://www.rekrute.com/offre-emploi-comptable-fournisseurs---confirme-recrutement-btechnologie-rabat-177164.html,"","","28/11/2025","17/01/2026","2"
"Gestionnaire Achats - Confirmé (H/F) | Rabat (Maroc)",https://www.rekrute.com/offre-emploi-gestionnaire-achats---confirme-hf-recrutement-btechnologie-rabat-177165.html,"","","28/11/2025","17/01/2026","1"
"Chargé de traitement des MAD et ODV MRE (H/F) | Casablanca (Maroc)",https://www.rekrute.com/offre-emploi-charge-de-traitement-des-mad-et-odv-mre-hf-recrutement-attijariwafa-bank-casablanca-177507.html,"","","28/11/2025","28/01/2026","10"
"Responsable Santé & Sécurité au Travail | Nouaceur (Maroc)",https://www.rekrute.com/offre-emploi-responsable-sante-securite-au-travail-recrutement-confidentiel-nouaceur-177506.html,"","","28/11/2025","28/01/2026","1"
"Specialiste achats | Casablanca (Maroc)",https://www.rekrute.com/offre-emploi-specialiste-achats-recrutement-cnexia-casablanca-177505.html,"","","28/11/2025","28/01/2026","1"
"Chef de Site Automobile | El Jadida (Maroc)",https://www.rekrute.com/offre-emploi-chef-de-site-automobile-recrutement-confidentiel-el-jadida-177504.html,"","","28/11/2025","28/01/2026","1"
"Chef de Vente Automobile | Béni Mellal (Maroc)",https://www.rekrute.com/offre-emploi-chef-de-vente-automobile-recrutement-confidentiel-beni-mellal-177503.html,"","","28/11/2025","28/01/2026","1"
"Chargé de Marketing et qualité H/F | El Jadida (Maroc)",https://www.rekrute.com/offre-emploi-charge-de-marketing-et-qualite-hf-recrutement-confidentiel-el-jadida-177502.html,"","","28/11/2025","28/01/2026","1"
"Métreur-Vérificateur | Meknès (Maroc)",https://www.rekrute.com/offre-emploi-metreur-verificateur-recrutement-confidentiel-meknes-177501.html,"","","28/11/2025","28/01/2026","2"
"Responsable de site (Secteur Automobile) | El Jadida (Maroc)",https://www.rekrute.com/offre-emploi-responsable-de-site-secteur-automobile-recrutement-confidentiel-el-jadida-177500.html,"","","28/11/2025","28/01/2026","1"
"Manager Qualité (Automobile) H/F | Meknès (Maroc)",https://www.rekrute.com/offre-emploi-manager-qualite-automobile-hf-recrutement-confidentiel-meknes-177499.html,"","","28/11/2025","28/01/2026","1"
"Directeur Administratif et Financier | Meknès (Maroc)",https://www.rekrute.com/offre-emploi-directeur-administratif-et-financier-recrutement-confidentiel-meknes-177498.html,"","","28/11/2025","28/01/2026","1"
"Assistant ADV Bilingue (H/F) | Casablanca (Maroc)",https://www.rekrute.com/offre-emploi-assistant-adv-bilingue-hf-recrutement-maroc-climate-and-security-mcs---carrier-casablanca-177497.html,"","","28/11/2025","28/01/2026","1"
"Supply Chain Engineer | Casablanca (Maroc)",https://www.rekrute.com/offre-emploi-supply-chain-engineer-recrutement-capgemini-engineering-casablanca-176146.html,"","","28/11/2025","14/12/2025","20"
"Chargé d'Affaires Grandes Entreprises | Casablanca (Maroc)",https://www.rekrute.com/offre-emploi-charge-daffaires-grandes-entreprises-recrutement-attijariwafa-bank-casablanca-176672.html,"","","28/11/2025","30/12/2025","1"
"Visual Merchandising Intern | Casablanca (Maroc)",https://www.rekrute.com/offre-emploi-visual-merchandising-intern-recrutement-ikea-maroc-casablanca-177495.html,"","","28/11/2025","28/01/2026","1"
"Stagiaire Interior Design | Casablanca (Maroc)",https://www.rekrute.com/offre-emploi-stagiaire-interior-design-recrutement-ikea-maroc-casablanca-176432.html,"","","28/11/2025","22/12/2025","1"
"Délégué Hybride: Médical et Pharmaceutique | Casablanca et Rabat (Maroc)",https://www.rekrute.com/offre-emploi-delegue-hybride-medical-et-pharmaceutique-recrutement-smollan-morocco-casablanca-et-rabat-175050.html,"","","27/11/2025","27/01/2026","27/01/2026"
"Responsable Centre Commercial | Casablanca (Maroc)",https://www.rekrute.com/offre-emploi-responsable-centre-commercial-recrutement-groupe-labelvie---carrefour-casablanca-177494.html,"","","27/11/2025","27/01/2026","1"
"Chef de Département Exploitation Multisite | Casablanca (Maroc)",https://www.rekrute.com/offre-emploi-chef-de-departement-exploitation-multisite-recrutement-groupe-labelvie---carrefour-casablanca-177493.html,"","","27/11/2025","27/01/2026","1"
"Chargé(e) de Missions - Direction Générale | Casablanca (Maroc)",https://www.rekrute.com/offre-emploi-chargee-de-missions---direction-generale-recrutement-confidentiel-casablanca-177492.html,"","","27/11/2025","27/01/2026","1"
"Animateur HSE | Had Soualem (Maroc)",https://www.rekrute.com/offre-emploi-animateur-hse-recrutement-best-biscuits-maroc-had-soualem-177491.html,"","","27/11/2025","27/01/2026","1"
"Chef de Projet Infrastructure (F/H) | Rabat (Maroc)",https://www.rekrute.com/offre-emploi-chef-de-projet-infrastructure-fh-recrutement-sofrecom-maroc-rabat-177490.html,"","","27/11/2025","27/01/2026","1"
"Coordinateur Audit & Conformité | Technopolis (Maroc)",https://www.rekrute.com/offre-emploi-coordinateur-audit-conformite-recrutement-sofrecom-maroc-technopolis-177489.html,"","","27/11/2025","27/01/2026","1"
"Coordinateur Qualité et Amélioration Continue | Technopolis (Maroc)",https://www.rekrute.com/offre-emploi-coordinateur-qualite-et-amelioration-continue-recrutement-sofrecom-maroc-technopolis-177488.html,"","","27/11/2025","27/01/2026","2"
"Nous cherchons des vrais commerciaux! rejoins nous !! - package atteignant 25k-30k | Tanger (Maroc)",https://www.rekrute.com/offre-emploi-nous-cherchons-des-vrais-commerciaux-rejoins-nous---package-atteignant-25k-30k-recrutement-eloan-tanger-177487.html,"","","27/11/2025","27/01/2026","20"
"Chargé(e) de la Maintenance des Sites (H/F) | Marrakech (Maroc)",https://www.rekrute.com/offre-emploi-chargee-de-la-maintenance-des-sites-hf-recrutement-sorec-marrakech-177486.html,"","","27/11/2025","27/01/2026","1"
"Chargé(e) du Suivi de Facturation (H/F) | Rabat (Maroc)",https://www.rekrute.com/offre-emploi-chargee-du-suivi-de-facturation-hf-recrutement-sorec-rabat-177485.html,"","","27/11/2025","27/01/2026","1"
"Journaliste/Animateur TV (H/F) | Rabat (Maroc)",https://www.rekrute.com/offre-emploi-journalisteanimateur-tv-hf-recrutement-sorec-rabat-177484.html,"","","27/11/2025","27/01/2026","3"
"Superviseur Instrumentation & Contrôle (I&C) | Bir Anzarane - Dakhla (Maroc)",https://www.rekrute.com/offre-emploi-superviseur-instrumentation-controle-ic-recrutement-dakhla-water-energy-company-bir-anzarane---dakhla-177370.html,"","","27/11/2025","27/01/2026","1"
"Opérateur de Terrain | Bir Anzarane - Dakhla (Maroc)",https://www.rekrute.com/offre-emploi-operateur-de-terrain-recrutement-dakhla-water-energy-company-bir-anzarane---dakhla-177389.html,"","","27/11/2025","27/01/2026","5"
"Superviseur Électrique | Bir Anzarane - Dakhla (Maroc)",https://www.rekrute.com/offre-emploi-superviseur-electrique-recrutement-dakhla-water-energy-company-bir-anzarane---dakhla-177390.html,"","","27/11/2025","27/01/2026","1"
"Superviseur Mécanique | Bir Anzarane - Dakhla (Maroc)",https://www.rekrute.com/offre-emploi-superviseur-mecanique-recrutement-dakhla-water-energy-company-bir-anzarane---dakhla-177414.html,"","","27/11/2025","27/01/2026","1"
"Technicien Instrumentation & Contrôle (I&C) | Bir Anzarane - Dakhla (Maroc)",https://www.rekrute.com/offre-emploi-technicien-instrumentation-controle-ic-recrutement-dakhla-water-energy-company-bir-anzarane---dakhla-177422.html,"","","27/11/2025","27/01/2026","2"
"Technicien Mécanique | Bir Anzarane - Dakhla (Maroc)",https://www.rekrute.com/offre-emploi-technicien-mecanique-recrutement-dakhla-water-energy-company-bir-anzarane---dakhla-177424.html,"","","27/11/2025","27/01/2026","2"
"Responsable qualité H/F | Mohammedia (Maroc)",https://www.rekrute.com/offre-emploi-responsable-qualite-hf-recrutement-sgs-maroc-sa-mohammedia-177473.html,"","","27/11/2025","27/01/2026","1"
"Call Center Agent - Inbound | Casablanca (Maroc)",https://www.rekrute.com/offre-emploi-call-center-agent---inbound-recrutement-air-arabia-casablanca-177482.html,"","","27/11/2025","27/01/2026","1"
"Conseiller Client (F/H) - Service client- Rabat - Français/Anglais | Rabat (Maroc)",https://www.rekrute.com/offre-emploi-conseiller-client-fh---service-client--rabat---francaisanglais-recrutement-concentrix-rabat-177481.html,"","","27/11/2025","27/01/2026","10"
"Conseiller Client (F/H) - Télévente - Salé - Français | Salé (Maroc)",https://www.rekrute.com/offre-emploi-conseiller-client-fh---televente---sale---francais-recrutement-concentrix-sale-177480.html,"","","27/11/2025","27/01/2026","10"
"Conseiller Client (F/H) - Télévente - Rabat - Français | Rabat (Maroc)",https://www.rekrute.com/offre-emploi-conseiller-client-fh---televente---rabat---francais-recrutement-concentrix-rabat-177479.html,"","","27/11/2025","27/01/2026","10"
"Conseiller Client (F/H) - Service client - Salé - Français | Salé (Maroc)",https://www.rekrute.com/offre-emploi-conseiller-client-fh---service-client---sale---francais-recrutement-concentrix-sale-177478.html,"","","27/11/2025","27/01/2026","10"
"Conseiller Client (F/H) - Service client - Rabat - Français | Rabat (Maroc)",https://www.rekrute.com/offre-emploi-conseiller-client-fh---service-client---rabat---francais-recrutement-concentrix-rabat-177477.html,"","","27/11/2025","27/01/2026","10"
"Conseiller Client (F/H) - Télévente B2B- Rabat - Français | Rabat (Maroc)",https://www.rekrute.com/offre-emploi-conseiller-client-fh---televente-b2b--rabat---francais-recrutement-concentrix-rabat-177476.html,"","","27/11/2025","27/01/2026","10"
"Project Manager | Rabat (Maroc)",https://www.rekrute.com/offre-emploi-project-manager-recrutement-madaef-rabat-177475.html,"","","27/11/2025","11/12/2025","1"
"Accountant - Revenue CMN | Casablanca (Aéroport Mohammed V) (Maroc)",https://www.rekrute.com/offre-emploi-accountant---revenue-cmn-recrutement-air-arabia-casablanca-aeroport-mohammed-v-177474.html,"","","27/11/2025","27/01/2026","1"
"Senior Project Manager | Rabat (Maroc)",https://www.rekrute.com/offre-emploi-senior-project-manager-recrutement-madaef-rabat-177471.html,"","","27/11/2025","11/12/2025","1"
"Conseiller·ère service client — assurance animale | Rabat (Maroc)",https://www.rekrute.com/offre-emploi-conseillerere-service-client-assurance-animale-recrutement-adm-value-rabat-177470.html,"","","27/11/2025","27/01/2026","8"
"Sales Development Representative | Casablanca (Maroc)",https://www.rekrute.com/offre-emploi-sales-development-representative-recrutement-coface-casablanca-177469.html,"","","27/11/2025","27/01/2026","27/01/2026"
"Chef D'Agence | Guelmim (Maroc)",https://www.rekrute.com/offre-emploi-chef-dagence-recrutement-fondation-arrawaj-guelmim-177468.html,"","","27/11/2025","27/01/2026","1"
"Chargé de clientèle | Casablanca (Maroc)",https://www.rekrute.com/offre-emploi-charge-de-clientele-recrutement-bank-assafa-casablanca-177467.html,"","","27/11/2025","27/01/2026","27/01/2026"
"Gestionnaire Clientèle - Réseau Fès Taounate (H/F) | Fès / Taounate (Maroc)",https://www.rekrute.com/offre-emploi-gestionnaire-clientele---reseau-fes-taounate-hf-recrutement-attijariwafa-bank-fes-taounate-177466.html,"","","27/11/2025","27/01/2026","20"
"Business Analyst in Claims Management (H/ F) | Casablanca (Maroc)",https://www.rekrute.com/offre-emploi-business-analyst-in-claims-management-h-f-recrutement-confidentiel-casablanca-177463.html,"","","27/11/2025","27/01/2026","5"
"Demand Planner | Skhirat (Maroc)",https://www.rekrute.com/offre-emploi-demand-planner-recrutement-groupe-labelvie---carrefour-skhirat-177462.html,"","","27/11/2025","27/01/2026","1"
"Demand Planner | Skhirat (Maroc)",https://www.rekrute.com/offre-emploi-demand-planner-recrutement-groupe-labelvie---carrefour-skhirat-177462.html,"","","27/11/2025","27/01/2026","1"
"PMO (H/F) | Casablanca (Maroc)",https://www.rekrute.com/offre-emploi-pmo-hf-recrutement-confidentiel-casablanca-177461.html,"","","27/11/2025","27/01/2026","3"
"Designer Fonctionnel Senior – Domaine Assurance & Inventaires (H/F) | Casablanca (Maroc)",https://www.rekrute.com/offre-emploi-designer-fonctionnel-senior-domaine-assurance-inventaires-hf-recrutement-confidentiel-casablanca-177460.html,"","","27/11/2025","27/01/2026","1"
"Business Analyst - Asset Management (H/F) | Casablanca (Maroc)",https://www.rekrute.com/offre-emploi-business-analyst---asset-management-hf-recrutement-confidentiel-casablanca-177459.html,"","","27/11/2025","27/01/2026","1"
"Aide Comptable (H/F) | Casablanca (Maroc)",https://www.rekrute.com/offre-emploi-aide-comptable-hf-recrutement-confidentiel-casablanca-177458.html,"","","27/11/2025","27/01/2026","27/01/2026"
"Conducteur de Travaux (Hydraulique) | Casablanca (Maroc)",https://www.rekrute.com/offre-emploi-conducteur-de-travaux-hydraulique-recrutement-domino-hr-morocco-casablanca-177456.html,"","","27/11/2025","27/01/2026","1"
"Ingénieur mécanique (Anglophone) | Kénitra (Maroc)",https://www.rekrute.com/offre-emploi-ingenieur-mecanique-anglophone-recrutement-domino-hr-morocco-kenitra-177455.html,"","","27/11/2025","27/01/2026","1"
"Chef de Département Administratif et Financier | Skhirat (Maroc)",https://www.rekrute.com/offre-emploi-chef-de-departement-administratif-et-financier-recrutement-confidentiel-skhirat-176294.html,"","","27/11/2025","20/12/2025","1"
"Approvisionneur Non Alimentaire | Skhirat (Maroc)",https://www.rekrute.com/offre-emploi-approvisionneur-non-alimentaire-recrutement-groupe-labelvie---carrefour-skhirat-176396.html,"","","27/11/2025","22/12/2025","1"
"Lead Business Analyst (H/ F) | Casablanca (Maroc)",https://www.rekrute.com/offre-emploi-lead-business-analyst-h-f-recrutement-confidentiel-casablanca-177454.html,"","","27/11/2025","27/01/2026","1"
"Ingénieur(e) Mécanique / Maintenance | Kénitra (Maroc)",https://www.rekrute.com/offre-emploi-ingenieure-mecanique-maintenance-recrutement-domino-hr-morocco-kenitra-177453.html,"","","27/11/2025","27/01/2026","1"
"Responsable Compliance et Éthique | Skhirat (Maroc)",https://www.rekrute.com/offre-emploi-responsable-compliance-et-ethique-recrutement-groupe-labelvie---carrefour-skhirat-177452.html,"","","27/11/2025","27/01/2026","1"
"Product Owner (H/ F) | Casablanca (Maroc)",https://www.rekrute.com/offre-emploi-product-owner-h-f-recrutement-confidentiel-casablanca-177451.html,"","","27/11/2025","27/01/2026","1"
"Ingénieure/Ingénieur DataStage | Casablanca / Rabat (Maroc)",https://www.rekrute.com/offre-emploi-ingenieureingenieur-datastage-recrutement-capgemini-casablanca-rabat-176380.html,"","","27/11/2025","21/12/2025","2"
"AGENTS SAV ( ASSISTANTS TECHNIQUES) H/F | Casablanca (Maroc)",https://www.rekrute.com/offre-emploi-agents-sav-assistants-techniques-hf-recrutement-manpower-agences-casablanca-177449.html,"","","27/11/2025","27/01/2026","5"
"Agent Support Commercial Mid/Long Tail – (Sidi Maârouf) | Casablanca (Maroc)",https://www.rekrute.com/offre-emploi-agent-support-commercial-midlong-tail-sidi-maarouf-recrutement-manpower-agences-casablanca-177448.html,"","","27/11/2025","27/01/2026","1"
"MCC: Buscamos Asesores al Cliente Back-Office Hispanohablantes – Live Chat #BOESP1125 | Rabat (Maroc)",https://www.rekrute.com/offre-emploi-mcc-buscamos-asesores-al-cliente-back-office-hispanohablantes-live-chat-boesp1125-recrutement-marketing-call-center-rabat-177447.html,"","","27/11/2025","27/01/2026","20"
"Superviseur Espaces Verts | LAAYOUNE (Maroc)",https://www.rekrute.com/offre-emploi-superviseur-espaces-verts-recrutement-um6p---universite-mohammed-vi-polytechnique-laayoune-177444.html,"","","27/11/2025","27/01/2026","1"
"Superviseur Fluide | LAAYOUNE (Maroc)",https://www.rekrute.com/offre-emploi-superviseur-fluide-recrutement-um6p---universite-mohammed-vi-polytechnique-laayoune-177445.html,"","","27/11/2025","27/01/2026","1"
"Superviseur Hebergements | LAAYOUNE (Maroc)",https://www.rekrute.com/offre-emploi-superviseur-hebergements-recrutement-um6p---universite-mohammed-vi-polytechnique-laayoune-177441.html,"","","27/11/2025","27/01/2026","1"
"Superviseur Seconds Œuvres | LAAYOUNE (Maroc)",https://www.rekrute.com/offre-emploi-superviseur-seconds-uvres-recrutement-um6p---universite-mohammed-vi-polytechnique-laayoune-177443.html,"","","27/11/2025","27/01/2026","1"
"Messanger | Rabat (Maroc)",https://www.rekrute.com/offre-emploi-messanger-recrutement-cnexia-rabat-177440.html,"","","27/11/2025","27/01/2026","1"
"Contrôleur Permanent Risques & Finances (H/F) | Casablanca (Maroc)",https://www.rekrute.com/offre-emploi-controleur-permanent-risques-finances-hf-recrutement-bank-assafa-casablanca-177439.html,"","","27/11/2025","27/01/2026","1"
"Comptable | Casablanca (Maroc)",https://www.rekrute.com/offre-emploi-comptable-recrutement-bank-assafa-casablanca-177438.html,"","","27/11/2025","27/01/2026","2"
"Chargé(e) d'affaires | Casablanca (Maroc)",https://www.rekrute.com/offre-emploi-chargee-daffaires-recrutement-bank-assafa-casablanca-177437.html,"","","27/11/2025","27/01/2026","1"
"Chef de projet SI - Moyens de Paiement H/F | Casablanca (Maroc)",https://www.rekrute.com/offre-emploi-chef-de-projet-si---moyens-de-paiement-hf-recrutement-bank-assafa-casablanca-177436.html,"","","27/11/2025","27/01/2026","1"
"Chef de Projet Organisation - Confirmé / Sénior (H/F) | Casablanca (Maroc)",https://www.rekrute.com/offre-emploi-chef-de-projet-organisation---confirme-senior-hf-recrutement-bank-assafa-casablanca-177435.html,"","","27/11/2025","27/01/2026","2"
"Chef de projet SI - MOE (Plusieurs Profils) | Casablanca (Maroc)",https://www.rekrute.com/offre-emploi-chef-de-projet-si---moe-plusieurs-profils-recrutement-bank-assafa-casablanca-177434.html,"","","27/11/2025","27/01/2026","4"
"Team Manager Francophone | Rabat (Maroc)",https://www.rekrute.com/offre-emploi-team-manager-francophone-recrutement-foundever-ex-sitel-group-rabat-177433.html,"","","27/11/2025","27/01/2026","2"
"Stagiaire en Construction | Casablanca (Maroc)",https://www.rekrute.com/offre-emploi-stagiaire-en-construction-recrutement-mcdonalds-maroc-casablanca-177432.html,"","","27/11/2025","27/01/2026","27/01/2026"
"Stagiaire en Construction | Casablanca (Maroc)",https://www.rekrute.com/offre-emploi-stagiaire-en-construction-recrutement-mcdonalds-maroc-casablanca-177432.html,"","","27/11/2025","27/01/2026","27/01/2026"
"Klantendienstmedewerker – Leider in Belgische telecommunicatie | Rabat (Maroc)",https://www.rekrute.com/offre-emploi-klantendienstmedewerker-leider-in-belgische-telecommunicatie-recrutement-foundever-ex-sitel-group-rabat-177431.html,"","","27/11/2025","27/01/2026","7"
"Jobaanbieding: customer support representative – logistics (nederlands sprekend, 100% remote) | Casablanca (Maroc)",https://www.rekrute.com/offre-emploi-jobaanbieding-customer-support-representative-logistics-nederlands-sprekend-100-remote-recrutement-foundever-ex-sitel-group-casablanca-177430.html,"","","27/11/2025","27/01/2026","10"
"Opérateur.trice Peintre En Aéronautique | Bouskoura (Maroc)",https://www.rekrute.com/offre-emploi-operateur.trice-peintre-en-aeronautique-recrutement-nicomatic-bouskoura-177429.html,"","","27/11/2025","27/01/2026","1"
"Consultant(e) RH | Casablanca (Maroc)",https://www.rekrute.com/offre-emploi-consultante-rh-recrutement-crit-casablanca-177428.html,"","","26/11/2025","26/01/2026","1"
"Commerciaux en Assurance Santé – Émission d’Appels | Casablanca (Maroc)",https://www.rekrute.com/offre-emploi-commerciaux-en-assurance-sante-emission-dappels-recrutement-eca-assurances-casablanca-177426.html,"","","26/11/2025","26/01/2026","10"
"Payroll Specialist / Spécialiste Paie | Casablanca (Maroc)",https://www.rekrute.com/offre-emploi-payroll-specialist-specialiste-paie-recrutement-confidentiel-casablanca-177425.html,"","","26/11/2025","26/01/2026","1"
"Manager H/F | Marrakech (Maroc)",https://www.rekrute.com/offre-emploi-manager-hf-recrutement-mcdonalds-maroc-marrakech-176751.html,"","","26/11/2025","03/01/2026","03/01/2026"
"Agente Administrativo- Spanish-Portugues-Speaking | Tétouan (Maroc)",https://www.rekrute.com/offre-emploi-agente-administrativo--spanish-portugues-speaking-recrutement-ntt-data-tetouan-177423.html,"","","26/11/2025","26/01/2026","50"
"Chef D'Agence | Salé (Maroc)",https://www.rekrute.com/offre-emploi-chef-dagence-recrutement-fondation-arrawaj-sale-177421.html,"","","26/11/2025","26/01/2026","3"
"Urgent :conseillers commerciaux en assurance. rejoignez nous! primes déplafonnées, transport assuré. | Casablanca (Maroc)",https://www.rekrute.com/offre-emploi-urgent-conseillers-commerciaux-en-assurance.-rejoignez-nous-primes-deplafonnees-transport-assure.-recrutement-eca-assurances-casablanca-176738.html,"","","26/11/2025","03/01/2026","5"
"Chargé de portefeuille commercial FRET | CASABLANCA (Maroc)",https://www.rekrute.com/offre-emploi-charge-de-portefeuille-commercial-fret-recrutement-atlas-multiservices-casablanca-177419.html,"","","26/11/2025","26/01/2026","1"
"Gestionnaire Campement Minier | Errachidia - Tinejdad (Maroc)",https://www.rekrute.com/offre-emploi-gestionnaire-campement-minier-recrutement-aya-gold-silver-errachidia---tinejdad-177418.html,"","","26/11/2025","26/01/2026","1"
"Social media supervisor | CASABLANCA (Maroc)",https://www.rekrute.com/offre-emploi-social-media-supervisor-recrutement-atlas-multiservices-casablanca-177417.html,"","","26/11/2025","26/01/2026","1"
"Comptable (H/F) | Casablanca (Maroc)",https://www.rekrute.com/offre-emploi-comptable-hf-recrutement-automobile-club-du-maroc-casablanca-177391.html,"","","26/11/2025","26/01/2026","1"
"Conseillers client technique en reception d'appel | Fes (Maroc)",https://www.rekrute.com/offre-emploi-conseillers-client-technique-en-reception-dappel-recrutement-cnexia-fes-177416.html,"","","26/11/2025","26/01/2026","1"
"Conseiller Technique Francophone | Rabat (Maroc)",https://www.rekrute.com/offre-emploi-conseiller-technique-francophone-recrutement-cnexia-rabat-177415.html,"","","26/11/2025","26/01/2026","1"
"Technicien(ne) en industrie pharmaceutique | Casablanca (Maroc)",https://www.rekrute.com/offre-emploi-technicienne-en-industrie-pharmaceutique-recrutement-capgemini-engineering-casablanca-177412.html,"","","26/11/2025","26/01/2026","26/01/2026"
"Chargée d’Accueil & Bureau d’Ordre. | Casablanca (Maroc)",https://www.rekrute.com/offre-emploi-chargee-daccueil-bureau-dordre.-recrutement-confidentiel-casablanca-177411.html,"","","26/11/2025","26/01/2026","1"
"Sénior Ingénieur Assurance & Qualité | Casablanca (Maroc)",https://www.rekrute.com/offre-emploi-senior-ingenieur-assurance-qualite-recrutement-capgemini-engineering-casablanca-176936.html,"","","26/11/2025","10/01/2026","10/01/2026"
"Ingénieur Qualité Assurance | Casablanca (Maroc)",https://www.rekrute.com/offre-emploi-ingenieur-qualite-assurance-recrutement-capgemini-engineering-casablanca-176938.html,"","","26/11/2025","10/01/2026","10/01/2026"
"Professeurs d'Enseignement Supérieur Directeur de Spécialité (PESD) et Professeurs Assistants (PA) H/F | Rabat (Maroc)",https://www.rekrute.com/offre-emploi-professeurs-denseignement-superieur-directeur-de-specialite-pesd-et-professeurs-assistants-pa-hf-recrutement-huir---lhopital-universitaire-international-de-rabat-rabat-176902.html,"","","26/11/2025","07/01/2026","19"
"Assistant(e) de direction expérimenté(e) F/H | Casablanca-Settat, Maroc (Maroc)",https://www.rekrute.com/offre-emploi-assistante-de-direction-experimentee-fh-recrutement-deloitte-extended-services-casablanca-settat-maroc-177409.html,"","","26/11/2025","26/01/2026","26/01/2026"
"Directeur(trice) de la Recherche Médicale et de l'Innovation | Rabat (Maroc)",https://www.rekrute.com/offre-emploi-directeurtrice-de-la-recherche-medicale-et-de-linnovation-recrutement-huir---lhopital-universitaire-international-de-rabat-rabat-177405.html,"","","26/11/2025","26/01/2026","1"
"Ingénieur support Java (F/H) | Casablanca (Maroc)",https://www.rekrute.com/offre-emploi-ingenieur-support-java-fh-recrutement-sofrecom-maroc-casablanca-177404.html,"","","26/11/2025","26/01/2026","26/01/2026"
"Ingénieur support PHP (F/H) | Casablanca (Maroc)",https://www.rekrute.com/offre-emploi-ingenieur-support-php-fh-recrutement-sofrecom-maroc-casablanca-177403.html,"","","26/11/2025","26/01/2026","1"
"Agent de Trésorerie (H/F) | Casablanca (Maroc)",https://www.rekrute.com/offre-emploi-agent-de-tresorerie-hf-recrutement-pwc-casablanca-176035.html,"","","26/11/2025","10/12/2025","3"
"People & Project Lead (H/F) | Rabat (Maroc)",https://www.rekrute.com/offre-emploi-people-project-lead-hf-recrutement-afd.tech-rabat-177402.html,"","","26/11/2025","26/01/2026","26/01/2026"
"Agent administratif RH | CASABLANCA (Maroc)",https://www.rekrute.com/offre-emploi-agent-administratif-rh-recrutement-atlas-multiservices-casablanca-177401.html,"","","26/11/2025","26/01/2026","1"
"Agent Administratif RH | Casablanca (Maroc)",https://www.rekrute.com/offre-emploi-agent-administratif-rh-recrutement-confidentiel-casablanca-177400.html,"","","26/11/2025","26/01/2026","1"
"Gestionnaire Marketing et Communication | CASABLANCA (Maroc)",https://www.rekrute.com/offre-emploi-gestionnaire-marketing-et-communication-recrutement-atlas-multiservices-casablanca-177399.html,"","","26/11/2025","26/01/2026","1"
"COORDINATEUR ACHATS JUNIOR H/F | Casablanca (Maroc)",https://www.rekrute.com/offre-emploi-coordinateur-achats-junior-hf-recrutement-alh-holding-casablanca-177018.html,"","","26/11/2025","12/01/2026","1"
"Gestionnaire Qualité | CASABLANCA (France)",https://www.rekrute.com/offre-emploi-gestionnaire-qualite-recrutement-atlas-multiservices-casablanca-177398.html,"","","26/11/2025","26/01/2026","1"
"Responsable Communication H/F | Meknès (Maroc)",https://www.rekrute.com/offre-emploi-responsable-communication-hf-recrutement-confidentiel-meknes-177397.html,"","","26/11/2025","26/01/2026","1"
"Responsable Communication H/F | Casablanca (Maroc)",https://www.rekrute.com/offre-emploi-responsable-communication-hf-recrutement-confidentiel-casablanca-177242.html,"","","26/11/2025","20/01/2026","1"
"Conseillers en réception d'appels avec prime de technicité | Casablanca (Maroc)",https://www.rekrute.com/offre-emploi-conseillers-en-reception-dappels-avec-prime-de-technicite-recrutement-foundever-ex-sitel-group-casablanca-177395.html,"","","26/11/2025","26/01/2026","1"
"Responsable sécurité secteur gardiennage et nettoyage | Casablanca (Maroc)",https://www.rekrute.com/offre-emploi-responsable-securite-secteur-gardiennage-et-nettoyage-recrutement-confidentiel-casablanca-176207.html,"","","26/11/2025","15/12/2025","1"
"Responsable Appels d’Offres Marchés Publics privé secteur gardiennage nettoyage intérim | Casablanca (Maroc)",https://www.rekrute.com/offre-emploi-responsable-appels-doffres-marches-publics-prive-secteur-gardiennage-nettoyage-interim-recrutement-confidentiel-casablanca-176209.html,"","","26/11/2025","15/12/2025","1"
"Chargée relation client contrat intérim | Casablanca (Maroc)",https://www.rekrute.com/offre-emploi-chargee-relation-client-contrat-interim-recrutement-adequat-interim-maroc-casablanca-176210.html,"","","26/11/2025","15/12/2025","1"
"hôtesse Accueil présentable secteur automobile marque de luxe | 5 (Maroc)",https://www.rekrute.com/offre-emploi-hotesse-accueil-presentable-secteur-automobile-marque-de-luxe-recrutement-adequat-interim-maroc-5-176720.html,"","","26/11/2025","01/01/2026","1"
"Agent RH (Administratif) en Agence d’Intérim | Casablanca (Maroc)",https://www.rekrute.com/offre-emploi-agent-rh-administratif-en-agence-dinterim-recrutement-adequat-interim-maroc-casablanca-176421.html,"","","26/11/2025","22/12/2025","1"
"Chief Accoutant | Casablanca (avec 1 déplacement hebdomadaire à Jorf Lasfar). (Maroc)",https://www.rekrute.com/offre-emploi-chief-accoutant-recrutement-cobco-casablanca-avec-1-deplacement-hebdomadaire-a-jorf-lasfar.-177394.html,"","","26/11/2025","26/01/2026","1"
"Responsable Fabrication (H/F) | Tanger (Maroc)",https://www.rekrute.com/offre-emploi-responsable-fabrication-hf-recrutement-groupe-bel-tanger-176813.html,"","","26/11/2025","05/01/2026","1"
"Chef de Région – Circuit Détail (H/F) | Tout le Maroc (Maroc)",https://www.rekrute.com/offre-emploi-chef-de-region-circuit-detail-hf-recrutement-groupe-bel-tout-le-maroc-176045.html,"","","26/11/2025","13/12/2025","1"
"Nous recrutons des conseillers clients en réception d’appel pour l’assistance technique mobile. | Casablanca (Maroc)",https://www.rekrute.com/offre-emploi-nous-recrutons-des-conseillers-clients-en-reception-dappel-pour-lassistance-technique-mobile.-recrutement-foundever-ex-sitel-group-casablanca-177179.html,"","","25/11/2025","18/01/2026","15"
"Conseillers en réception d'appels– Primes déplafonnées & challenges motivants | Casablanca (Maroc)",https://www.rekrute.com/offre-emploi-conseillers-en-reception-dappels-primes-deplafonnees-challenges-motivants-recrutement-foundever-ex-sitel-group-casablanca-176909.html,"","","25/11/2025","07/01/2026","1"
"Conseiller Commercial | Casablanca (Maroc)",https://www.rekrute.com/offre-emploi-conseiller-commercial-recrutement-weclose-casablanca-177173.html,"","","25/11/2025","18/01/2026","18/01/2026"
"Commercial B2C | Casablanca (Maroc)",https://www.rekrute.com/offre-emploi-commercial-b2c-recrutement-weclose-casablanca-177172.html,"","","25/11/2025","18/01/2026","50"
"Analyste Risque H/F | Meknès (Maroc)",https://www.rekrute.com/offre-emploi-analyste-risque-hf-recrutement-confidentiel-meknes-177393.html,"","","25/11/2025","25/01/2026","1"
"Chargé(e) de Clientèle – Vente & Accompagnement (Casablanca) | Casablanca (Maroc)",https://www.rekrute.com/offre-emploi-chargee-de-clientele-vente-accompagnement-casablanca-recrutement-weclose-casablanca-177176.html,"","","25/11/2025","18/01/2026","30"
"Pilote incident (H/F) | Casablanca (Maroc)",https://www.rekrute.com/offre-emploi-pilote-incident-hf-recrutement-sofrecom-maroc-casablanca-177392.html,"","","25/11/2025","25/01/2026","25/01/2026"
"Commercial BTP | Casablanca (Maroc)",https://www.rekrute.com/offre-emploi-commercial-btp-recrutement-confidentiel-casablanca-177204.html,"","","25/11/2025","19/01/2026","2"
"Superviseur Surete | LAAYOUNE (Maroc)",https://www.rekrute.com/offre-emploi-superviseur-surete-recrutement-um6p---universite-mohammed-vi-polytechnique-laayoune-177386.html,"","","25/11/2025","25/01/2026","1"
"Superviseur F&B | LAAYOUNE (Maroc)",https://www.rekrute.com/offre-emploi-superviseur-fb-recrutement-um6p---universite-mohammed-vi-polytechnique-laayoune-177385.html,"","","25/11/2025","25/01/2026","1"
"Superviseur Methodes | LAAYOUNE (Maroc)",https://www.rekrute.com/offre-emploi-superviseur-methodes-recrutement-um6p---universite-mohammed-vi-polytechnique-laayoune-177387.html,"","","25/11/2025","25/01/2026","1"
"Superviseur Service Nettoyage | Laayoune (Maroc)",https://www.rekrute.com/offre-emploi-superviseur-service-nettoyage-recrutement-um6p---universite-mohammed-vi-polytechnique-laayoune-177384.html,"","","25/11/2025","25/01/2026","1"
"Superviseur Parc-Auto | LAAYOUNE (Maroc)",https://www.rekrute.com/offre-emploi-superviseur-parc-auto-recrutement-um6p---universite-mohammed-vi-polytechnique-laayoune-177383.html,"","","25/11/2025","25/01/2026","1"
"Gestionnaire RH | Mers-Sultan (Maroc)",https://www.rekrute.com/offre-emploi-gestionnaire-rh-recrutement-atlas-multiservices-mers-sultan-177381.html,"","","25/11/2025","25/01/2026","1"
"Responsable Administration du Personnel – AGIRH (H/F) | Casablanca (Maroc)",https://www.rekrute.com/offre-emploi-responsable-administration-du-personnel-agirh-hf-recrutement-carl-rogers-consulting-casablanca-177380.html,"","","25/11/2025","25/01/2026","1"
"Responsable Production | Casablanca (Maroc)",https://www.rekrute.com/offre-emploi-responsable-production-recrutement-groupe-le-matin-casablanca-177133.html,"","","25/11/2025","17/01/2026","1"
"Responsable Marketing et Communication | Casablanca (Maroc)",https://www.rekrute.com/offre-emploi-responsable-marketing-et-communication-recrutement-groupe-le-matin-casablanca-177208.html,"","","25/11/2025","19/01/2026","1"
"Gestionnaire Clientèle (H/F) - Fès | Fès (Maroc)",https://www.rekrute.com/offre-emploi-gestionnaire-clientele-hf---fes-recrutement-attijariwafa-bank-fes-177378.html,"","","25/11/2025","25/01/2026","10"
"Gestionnaire Clientèle (H/F) - Taounate | Taounate (Maroc)",https://www.rekrute.com/offre-emploi-gestionnaire-clientele-hf---taounate-recrutement-attijariwafa-bank-taounate-177377.html,"","","25/11/2025","25/01/2026","1"
"Pilote planning (H/F) | Tétouan (Maroc)",https://www.rekrute.com/offre-emploi-pilote-planning-hf-recrutement-alten-maroc-tetouan-177373.html,"","","25/11/2025","25/01/2026","1"
"Contrôleur de gestion senior | Béni Mellal (Maroc)",https://www.rekrute.com/offre-emploi-controleur-de-gestion-senior-recrutement-manpower-agences-beni-mellal-177372.html,"","","25/11/2025","25/01/2026","1"
"Responsable Administration RH et Services aux Salariés | Casablanca (Maroc)",https://www.rekrute.com/offre-emploi-responsable-administration-rh-et-services-aux-salaries-recrutement-atlas-multiservices-casablanca-177371.html,"","","25/11/2025","25/01/2026","1"
"Pilote Technique (H/F) | Rabat, Rabat-Salé-Kénitra, Morocco (Maroc)",https://www.rekrute.com/offre-emploi-pilote-technique-hf-recrutement-alten-maroc-rabat-rabat-sale-kenitra-morocco-177368.html,"","","25/11/2025","25/01/2026","1"
"ExeKutive",https://www.rekrute.com/exek,"","","25/11/2025","25/02/2026","1"
"Ingénieur Maintenance (H/F) | Tanger (Maroc)",https://www.rekrute.com/offre-emploi-ingenieur-maintenance-hf-recrutement-groupe-bel-tanger-176577.html,"","","25/11/2025","03/01/2026","1"
"Facilities Manager / Ingénieur maintenance | Agadir (Maroc)",https://www.rekrute.com/offre-emploi-facilities-manager-ingenieur-maintenance-recrutement-manpower-agences-agadir-177365.html,"","","25/11/2025","25/01/2026","1"
"Chargé d'affaires Corporate | Casablanca (Maroc)",https://www.rekrute.com/offre-emploi-charge-daffaires-corporate-recrutement-finea-casablanca-177364.html,"","","25/11/2025","25/01/2026","1"
"Responsable Approvisionnement & Importations | Casablanca (Maroc)",https://www.rekrute.com/offre-emploi-responsable-approvisionnement-importations-recrutement-confidentiel-casablanca-177363.html,"","","25/11/2025","25/01/2026","1"
"Senior Financial Controller | Rabat (Maroc)",https://www.rekrute.com/offre-emploi-senior-financial-controller-recrutement-um6p---universite-mohammed-vi-polytechnique-rabat-177362.html,"","","25/11/2025","25/01/2026","1"
"Facility Manager H/F | Casablanca (Maroc)",https://www.rekrute.com/offre-emploi-facility-manager-hf-recrutement-mcdonalds-maroc-casablanca-177361.html,"","","25/11/2025","25/01/2026","1"
"Développeur ERP SAGE X3 | Casablanca (Maroc)",https://www.rekrute.com/offre-emploi-developpeur-erp-sage-x3-recrutement-crit-casablanca-177360.html,"","","25/11/2025","25/01/2026","1"
"Chef D'Agence | Fès (Maroc)",https://www.rekrute.com/offre-emploi-chef-dagence-recrutement-fondation-arrawaj-fes-177359.html,"","","25/11/2025","25/01/2026","1"
"Conseillers commerciaux en assurance : 5000dhs + primes déplafonnées + transport assuré | Casablanca (Maroc)",https://www.rekrute.com/offre-emploi-conseillers-commerciaux-en-assurance-5000dhs-primes-deplafonnees-transport-assure-recrutement-eca-assurances-casablanca-176377.html,"","","25/11/2025","21/12/2025","5"
"Commercial terrain | Casablanca (Maroc)",https://www.rekrute.com/offre-emploi-commercial-terrain-recrutement-manpower-agences-casablanca-177357.html,"","","25/11/2025","25/01/2026","1"
"Opérateur de Salle de Contrôle – DAWEC | Bir Anzarane - Dakhla (Maroc)",https://www.rekrute.com/offre-emploi-operateur-de-salle-de-controle-dawec-recrutement-dakhla-water-energy-company-bir-anzarane---dakhla-177235.html,"","","24/11/2025","20/01/2026","5"
"Chef de Quart | Bir Anzarane - Dakhla (Maroc)",https://www.rekrute.com/offre-emploi-chef-de-quart-recrutement-dakhla-water-energy-company-bir-anzarane---dakhla-177238.html,"","","24/11/2025","20/01/2026","5"
"Responsable Recrutement H/F | Casablanca (Maroc)",https://www.rekrute.com/offre-emploi-responsable-recrutement-hf-recrutement-atlas-multiservices-casablanca-177356.html,"","","24/11/2025","24/01/2026","3"
"Responsable achats et approvisionnement | Marrakech (Maroc)",https://www.rekrute.com/offre-emploi-responsable-achats-et-approvisionnement-recrutement-jardin-majorelle-marrakech-177353.html,"","","24/11/2025","24/01/2026","1"
"Responsable contrôle de gestion | Marrakech (Maroc)",https://www.rekrute.com/offre-emploi-responsable-controle-de-gestion-recrutement-jardin-majorelle-marrakech-177352.html,"","","24/11/2025","24/01/2026","1"
"Gestionnaire Clientèle (H/F) - Tanger | Tanger (Maroc)",https://www.rekrute.com/offre-emploi-gestionnaire-clientele-hf---tanger-recrutement-attijariwafa-bank-tanger-177351.html,"","","24/11/2025","24/01/2026","10"
"Gestionnaire Clientèle (H/F) - Al Hoceima & Régions | Al Hoceima (Maroc)",https://www.rekrute.com/offre-emploi-gestionnaire-clientele-hf---al-hoceima-regions-recrutement-attijariwafa-bank-al-hoceima-177350.html,"","","24/11/2025","24/01/2026","1"
"Conseiller clientèle (H/F) - Tanger | Tanger (Maroc)",https://www.rekrute.com/offre-emploi-conseiller-clientele-hf---tanger-recrutement-attijariwafa-bank-tanger-177348.html,"","","24/11/2025","24/01/2026","5"
"Gestionnaire Clientèle (H/F) - Assilah / Ksar Sghir / Ksar El Kbir | Tanger (Maroc)",https://www.rekrute.com/offre-emploi-gestionnaire-clientele-hf---assilah-ksar-sghir-ksar-el-kbir-recrutement-attijariwafa-bank-tanger-177346.html,"","","24/11/2025","24/01/2026","5"
"Conseiller Commercial (H/F) | Rabat / Technopolis (Maroc)",https://www.rekrute.com/offre-emploi-conseiller-commercial-hf-recrutement-axa-services-maroc-rabat-technopolis-177344.html,"","","24/11/2025","24/01/2026","30"
"Commercial (H/F) | Rabat / Salé Technopolis (Maroc)",https://www.rekrute.com/offre-emploi-commercial-hf-recrutement-axa-services-maroc-rabat-sale-technopolis-177343.html,"","","24/11/2025","24/01/2026","30"
"Chargé d’assistance (H/F) | Technopolis (Maroc)",https://www.rekrute.com/offre-emploi-charge-dassistance-hf-recrutement-axa-services-maroc-technopolis-177342.html,"","","24/11/2025","24/01/2026","10"
"Manager H/F | Casablanca (Maroc)",https://www.rekrute.com/offre-emploi-manager-hf-recrutement-mcdonalds-maroc-casablanca-177098.html,"","","24/11/2025","14/01/2026","6"
"Attaché Commercial | Agadir (Maroc)",https://www.rekrute.com/offre-emploi-attache-commercial-recrutement-manpower-agences-agadir-177336.html,"","","24/11/2025","24/01/2026","24/01/2026"
"Commercial BTP | Meknès (Maroc)",https://www.rekrute.com/offre-emploi-commercial-btp-recrutement-confidentiel-meknes-177183.html,"","","24/11/2025","18/01/2026","2"
"Standardiste / bureau d'accueil | Mohammédia (Maroc)",https://www.rekrute.com/offre-emploi-standardiste-bureau-daccueil-recrutement-confidentiel-mohammedia-172383.html,"","","24/11/2025","24/01/2026","1"
"Chargé RH H/F | Casablanca (Maroc)",https://www.rekrute.com/offre-emploi-charge-rh-hf-recrutement-tersea-casablanca-177067.html,"","","24/11/2025","13/01/2026","2"
"Chef de projet qualité formation | Fès (Maroc)",https://www.rekrute.com/offre-emploi-chef-de-projet-qualite-formation-recrutement-tersea-fes-177178.html,"","","24/11/2025","18/01/2026","1"
"Gestionnaire administratif polyvalent Junior - CDD | Technopolis (Maroc)",https://www.rekrute.com/offre-emploi-gestionnaire-administratif-polyvalent-junior---cdd-recrutement-sofrecom-maroc-technopolis-177333.html,"","","24/11/2025","24/01/2026","1"
"Chargé(e) Administratif(ve) RH | Casablanca (Maroc)",https://www.rekrute.com/offre-emploi-chargee-administratifve-rh-recrutement-cnexia-casablanca-177332.html,"","","24/11/2025","24/01/2026","24/01/2026"
"Contrôleur de Gestion (H/F) | Casablanca (Maroc)",https://www.rekrute.com/offre-emploi-controleur-de-gestion-hf-recrutement-confidentiel-casablanca-177331.html,"","","24/11/2025","24/01/2026","1"
"Contrôleur Groupe d’Agences | Dakhla (Maroc)",https://www.rekrute.com/offre-emploi-controleur-groupe-dagences-recrutement-fondation-arrawaj-dakhla-177330.html,"","","24/11/2025","24/01/2026","1"
"Contrôleur Groupe d’Agences | Laâyoune (Maroc)",https://www.rekrute.com/offre-emploi-controleur-groupe-dagences-recrutement-fondation-arrawaj-laayoune-177329.html,"","","24/11/2025","24/01/2026","1"
"Contrôleur Groupe d’Agences | Meknès (Maroc)",https://www.rekrute.com/offre-emploi-controleur-groupe-dagences-recrutement-fondation-arrawaj-meknes-177328.html,"","","24/11/2025","24/01/2026","1"
"Contrôleur Groupe d’Agences | Fès (Maroc)",https://www.rekrute.com/offre-emploi-controleur-groupe-dagences-recrutement-fondation-arrawaj-fes-177327.html,"","","24/11/2025","24/01/2026","1"
"Fresh HR Graduate Opportunity – Bilingual (French/English) Employee Relations Specialist – Night Shift | Rabat (Maroc)",https://www.rekrute.com/offre-emploi-fresh-hr-graduate-opportunity-bilingual-frenchenglish-employee-relations-specialist-night-shift-recrutement-foundever-ex-sitel-group-rabat-177326.html,"","","24/11/2025","24/01/2026","6"
"Consultant (e) Sénior en pilotage de la rémunération | Casablanca (Maroc)",https://www.rekrute.com/offre-emploi-consultant-e-senior-en-pilotage-de-la-remuneration-recrutement-deloitte-extended-services-casablanca-176133.html,"","","24/11/2025","14/12/2025","3"
"Chargé(e) de relation client — réception d'appels | Casablanca (Maroc)",https://www.rekrute.com/offre-emploi-chargee-de-relation-client-reception-dappels-recrutement-foundever-ex-sitel-group-casablanca-177325.html,"","","24/11/2025","24/01/2026","7"
"Chargé(e) de recrutement IT (F/H) | Casablanca (Maroc)",https://www.rekrute.com/offre-emploi-chargee-de-recrutement-it-fh-recrutement-sofrecom-maroc-casablanca-177323.html,"","","24/11/2025","24/01/2026","1"
"Site Reliability Engineer | Rabat (Maroc)",https://www.rekrute.com/offre-emploi-site-reliability-engineer-recrutement-cnexia-tech-rabat-177321.html,"","","24/11/2025","24/01/2026","1"
"VA Programmer | Rabat (Maroc)",https://www.rekrute.com/offre-emploi-va-programmer-recrutement-cnexia-tech-rabat-177322.html,"","","24/11/2025","24/01/2026","1"
"Responsable supply chain | Nouaceur (Maroc)",https://www.rekrute.com/offre-emploi-responsable-supply-chain-recrutement-confidentiel-nouaceur-177320.html,"","","24/11/2025","24/01/2026","1"
"Chargé de clientèle | Tanger (Maroc)",https://www.rekrute.com/offre-emploi-charge-de-clientele-recrutement-manpower-agences-tanger-177319.html,"","","24/11/2025","24/01/2026","1"
"Chargé de clientèle | Nador (Maroc)",https://www.rekrute.com/offre-emploi-charge-de-clientele-recrutement-manpower-agences-nador-177318.html,"","","24/11/2025","24/01/2026","1"
"Chef D'Agence | Marrakech (Maroc)",https://www.rekrute.com/offre-emploi-chef-dagence-recrutement-fondation-arrawaj-marrakech-176111.html,"","","24/11/2025","13/12/2025","2"
"Chef D'Agence | Bouskoura (Maroc)",https://www.rekrute.com/offre-emploi-chef-dagence-recrutement-fondation-arrawaj-bouskoura-176349.html,"","","24/11/2025","21/12/2025","1"
"Chef D'Agence | Casablanca (Maroc)",https://www.rekrute.com/offre-emploi-chef-dagence-recrutement-fondation-arrawaj-casablanca-176976.html,"","","24/11/2025","11/01/2026","5"
"Chef D'Agence | Sala al Jadida (Maroc)",https://www.rekrute.com/offre-emploi-chef-dagence-recrutement-fondation-arrawaj-sala-al-jadida-177132.html,"","","24/11/2025","17/01/2026","1"
"Architect Entreprise (H/ F) | Rabat (Maroc)",https://www.rekrute.com/offre-emploi-architect-entreprise-h-f-recrutement-confidentiel-rabat-177013.html,"","","24/11/2025","12/01/2026","1"
"Architecte Cloud & Big Data (F/H) | Casablanca (Maroc)",https://www.rekrute.com/offre-emploi-architecte-cloud-big-data-fh-recrutement-confidentiel-casablanca-176253.html,"","","24/11/2025","17/12/2025","1"
"Conseiller(e) Commercial(e) Immobilier - Casablanca | Casablanca (Maroc)",https://www.rekrute.com/offre-emploi-conseillere-commerciale-immobilier---casablanca-recrutement-imaraq-trading-casablanca-177316.html,"","","24/11/2025","24/01/2026","1"
"KAM Casablanca/Sud | Casablanca (Maroc)",https://www.rekrute.com/offre-emploi-kam-casablancasud-recrutement-amanys-pharma-casablanca-177315.html,"","","24/11/2025","24/01/2026","1"
"Chauffeur / Agent Administratif (H/F) | Casablanca (Maroc)",https://www.rekrute.com/offre-emploi-chauffeur-agent-administratif-hf-recrutement-orh-assessment-casablanca-177314.html,"","","24/11/2025","24/01/2026","1"
"Professeur d'Enseignement Supérieur Directeur de Spécialité (PESD) H/F | Rabat (Maroc)",https://www.rekrute.com/offre-emploi-professeur-denseignement-superieur-directeur-de-specialite-pesd-hf-recrutement-universite-internationale-de-rabat-uir-rabat-176772.html,"","","24/11/2025","03/01/2026","9"
"Professeur Assistant H/F | Rabat (Maroc)",https://www.rekrute.com/offre-emploi-professeur-assistant-hf-recrutement-universite-internationale-de-rabat-uir-rabat-176774.html,"","","24/11/2025","04/01/2026","10"
"P2P Accountant Junior English Speaker (M/F) | Casablanca (Maroc)",https://www.rekrute.com/offre-emploi-p2p-accountant-junior-english-speaker-mf-recrutement-maroc-climate-and-security-mcs---carrier-casablanca-177312.html,"","","24/11/2025","24/01/2026","2"
"Chef de Projet BI | Casablanca (Maroc)",https://www.rekrute.com/offre-emploi-chef-de-projet-bi-recrutement-cac-centrale-automobile-cherifienne-casablanca-176630.html,"","","24/11/2025","29/12/2025","1"
"Conseiller commercial en métier de la vente | Casablanca (Maroc)",https://www.rekrute.com/offre-emploi-conseiller-commercial-en-metier-de-la-vente-recrutement-unifitel-casablanca-176735.html,"","","24/11/2025","03/01/2026","5"
"Supply Chain Engineer | Fès (Maroc)",https://www.rekrute.com/offre-emploi-supply-chain-engineer-recrutement-capgemini-engineering-fes-176301.html,"","","24/11/2025","20/12/2025","20"
"Aide Acheteur | Rabat (Maroc)",https://www.rekrute.com/offre-emploi-aide-acheteur-recrutement-confidentiel-rabat-177311.html,"","","24/11/2025","24/01/2026","1"
"Responsable RH de proximité | Meknès (Maroc)",https://www.rekrute.com/offre-emploi-responsable-rh-de-proximite-recrutement-confidentiel-meknes-177310.html,"","","24/11/2025","24/01/2026","1"
"Directeur Administratif et Financier | Maroc (Maroc)",https://www.rekrute.com/offre-emploi-directeur-administratif-et-financier-recrutement-confidentiel-maroc-176519.html,"","","24/11/2025","25/12/2025","1"
"Directeur Commercial | Maroc (Maroc)",https://www.rekrute.com/offre-emploi-directeur-commercial-recrutement-confidentiel-maroc-176265.html,"","","24/11/2025","17/12/2025","1"
"Stagiaire PFE AMOA/Organisation | Casablanca (Maroc)",https://www.rekrute.com/offre-emploi-stagiaire-pfe-amoaorganisation-recrutement-bank-al-yousr-casablanca-177282.html,"","","24/11/2025","24/01/2026","1"
"Business operations officer (H/F) | Casablanca (Maroc)",https://www.rekrute.com/offre-emploi-business-operations-officer-hf-recrutement-confidentiel-casablanca-177308.html,"","","24/11/2025","24/01/2026","1"
"Commercial BTP | Maroc (Maroc)",https://www.rekrute.com/offre-emploi-commercial-btp-recrutement-confidentiel-maroc-176643.html,"","","24/11/2025","30/12/2025","2"
"Tech Lead / Chef de Projet Technique Full-Stack | Casablanca (Maroc)",https://www.rekrute.com/offre-emploi-tech-lead-chef-de-projet-technique-full-stack-recrutement-africa-staffing-casablanca-177307.html,"","","24/11/2025","24/01/2026","24/01/2026"
"Consultant Juridique Junior Assistance Juridique (H/F) | Casablanca (Maroc)",https://www.rekrute.com/offre-emploi-consultant-juridique-junior-assistance-juridique-hf-recrutement-attijariwafa-bank-casablanca-177306.html,"","","24/11/2025","24/01/2026","24/01/2026"
"Stagiaire Designer Infographie 3D | Skhirat, Rabat-Salé-Kénitra, Morocco (Maroc)",https://www.rekrute.com/offre-emploi-stagiaire-designer-infographie-3d-recrutement-groupe-labelvie---carrefour-skhirat-rabat-sale-kenitra-morocco-176853.html,"","","24/11/2025","05/01/2026","1"
"Acheteur Junior | Casablanca (Maroc)",https://www.rekrute.com/offre-emploi-acheteur-junior-recrutement-groupe-labelvie---carrefour-casablanca-177288.html,"","","24/11/2025","21/01/2026","1"
"Brand Manager | Casablanca (Maroc)",https://www.rekrute.com/offre-emploi-brand-manager-recrutement-groupe-labelvie---carrefour-casablanca-177289.html,"","","24/11/2025","21/01/2026","1"
"Chargé(e) de clientèle CRC - BANK OF AFRICA | Casablanca (Maroc)",https://www.rekrute.com/offre-emploi-chargee-de-clientele-crc---bank-of-africa-recrutement-finashore-casablanca-177304.html,"","","24/11/2025","24/01/2026","25"
"Klantendienstmedewerker – Leider in Belgische telecommunicatie | Rabat (Maroc)",https://www.rekrute.com/offre-emploi-klantendienstmedewerker-leider-in-belgische-telecommunicatie-recrutement-foundever-ex-sitel-group-rabat-177303.html,"","","24/11/2025","24/01/2026","7"
"Klantendienstmedewerker – Leider in Belgische telecommunicatie | Rabat (Maroc)",https://www.rekrute.com/offre-emploi-klantendienstmedewerker-leider-in-belgische-telecommunicatie-recrutement-foundever-ex-sitel-group-rabat-177302.html,"","","24/11/2025","24/01/2026","7"
"Business Developer Senior (B2B – Prospection & Rendez-vous Qualifiés) | Casablanca (Maroc)",https://www.rekrute.com/offre-emploi-business-developer-senior-b2b-prospection-rendez-vous-qualifies-recrutement-moore-casablanca-casablanca-177298.html,"","","22/11/2025","22/01/2026","1"
"Comptable – Régime Français | Casablanca (Maroc)",https://www.rekrute.com/offre-emploi-comptable-regime-francais-recrutement-moore-casablanca-casablanca-177297.html,"","","22/11/2025","22/01/2026","1"
"Fiscaliste Senior (Fiscalité Canadienne) | Casablanca (Maroc)",https://www.rekrute.com/offre-emploi-fiscaliste-senior-fiscalite-canadienne-recrutement-moore-casablanca-casablanca-177296.html,"","","22/11/2025","22/01/2026","1"
"Chargée RH-Spécialiste Paie & Administration du Personnel | Casablanca (Maroc)",https://www.rekrute.com/offre-emploi-chargee-rh-specialiste-paie-administration-du-personnel-recrutement-confidentiel-casablanca-177294.html,"","","21/11/2025","21/01/2026","1"
"Ingénieur / Équivalent – Centres de Relations Client – Rabat | Rabat (Maroc)",https://www.rekrute.com/offre-emploi-ingenieur-equivalent-centres-de-relations-client-rabat-recrutement-adm-value-rabat-177293.html,"","","21/11/2025","21/01/2026","1"
"Responsable Agriculture – Filière Oléagineuse | Casablanca (Maroc)",https://www.rekrute.com/offre-emploi-responsable-agriculture-filiere-oleagineuse-recrutement-confidentiel-casablanca-177292.html,"","","21/11/2025","21/01/2026","1"
"Rabat – Commercial en Assurance Auto | Rabat (Maroc)",https://www.rekrute.com/offre-emploi-rabat-commercial-en-assurance-auto-recrutement-adm-value-rabat-177291.html,"","","21/11/2025","21/01/2026","10"
"Rabat - expert bilingue anglais-français en assistance technique Télécom BtoB | Rabat (Maroc)",https://www.rekrute.com/offre-emploi-rabat---expert-bilingue-anglais-francais-en-assistance-technique-telecom-btob-recrutement-adm-value-rabat-177290.html,"","","21/11/2025","21/01/2026","6"
"Week-end off ! commerciaux sédentaires – prise de rendez-vous (secteur automobile) | Rabat (Maroc)",https://www.rekrute.com/offre-emploi-week-end-off-commerciaux-sedentaires-prise-de-rendez-vous-secteur-automobile-recrutement-adm-value-rabat-177287.html,"","","21/11/2025","21/01/2026","6"
"Intervenant informatique (H/F) | Béni Mellal (Maroc)",https://www.rekrute.com/offre-emploi-intervenant-informatique-hf-recrutement-groupe-labelvie---carrefour-beni-mellal-177286.html,"","","21/11/2025","21/01/2026","1"
"Caissier | Marrakech (Maroc)",https://www.rekrute.com/offre-emploi-caissier-recrutement-jardin-majorelle-marrakech-177285.html,"","","21/11/2025","21/01/2026","1"
"Rabat - conseiller client en assurance santé & prévoyance | Rabat (Maroc)",https://www.rekrute.com/offre-emploi-rabat---conseiller-client-en-assurance-sante-prevoyance-recrutement-adm-value-rabat-177284.html,"","","21/11/2025","21/01/2026","10"
"Contrôleur de Gestion Senior H/F | Agadir et périphérie (Maroc)",https://www.rekrute.com/offre-emploi-controleur-de-gestion-senior-hf-recrutement-groupe-azura-agadir-et-peripherie-177283.html,"","","21/11/2025","21/01/2026","1"
"Chargé d'Affaires ( Entreprises / Corporate) | Casablanca (Maroc)",https://www.rekrute.com/offre-emploi-charge-daffaires-entreprises-corporate-recrutement-bank-al-yousr-casablanca-174912.html,"","","21/11/2025","21/01/2026","2"
"contrôleur permanent | Casablanca (Maroc)",https://www.rekrute.com/offre-emploi-controleur-permanent-recrutement-bank-al-yousr-casablanca-174995.html,"","","21/11/2025","21/01/2026","1"
"Vendeur (se) | Marrakech (Maroc)",https://www.rekrute.com/offre-emploi-vendeur-se-recrutement-jardin-majorelle-marrakech-177192.html,"","","21/11/2025","21/01/2026","1"
"Consultant Junior Audit des Systèmes d'Information | Casablanca (Maroc)",https://www.rekrute.com/offre-emploi-consultant-junior-audit-des-systemes-dinformation-recrutement-deloitte-extended-services-casablanca-177280.html,"","","21/11/2025","21/01/2026","4"
"Responsable Administratif(ve) | Marrakech (Maroc)",https://www.rekrute.com/offre-emploi-responsable-administratifve-recrutement-jardin-majorelle-marrakech-177230.html,"","","21/11/2025","21/01/2026","1"
"Chef D'Agence Salé Abwab Karia | Salé (Maroc)",https://www.rekrute.com/offre-emploi-chef-dagence-sale-abwab-karia-recrutement-fondation-arrawaj-sale-177279.html,"","","21/11/2025","21/01/2026","1"
"Chef D'Agence Casablanca Abouab Oulfa | Casablanca (Maroc)",https://www.rekrute.com/offre-emploi-chef-dagence-casablanca-abouab-oulfa-recrutement-fondation-arrawaj-casablanca-177278.html,"","","21/11/2025","21/01/2026","1"
"Chef D'Agence Salé Said Hajji | Salé (Maroc)",https://www.rekrute.com/offre-emploi-chef-dagence-sale-said-hajji-recrutement-fondation-arrawaj-sale-177277.html,"","","21/11/2025","21/01/2026","1"
"Chef D'Agence Skhirat | Skhirat (Maroc)",https://www.rekrute.com/offre-emploi-chef-dagence-skhirat-recrutement-fondation-arrawaj-skhirat-177276.html,"","","21/11/2025","21/01/2026","1"
"Commercial en Regroupement de Crédits - Tanger | Tanger (Maroc)",https://www.rekrute.com/offre-emploi-commercial-en-regroupement-de-credits---tanger-recrutement-eloan-tanger-177274.html,"","","21/11/2025","21/01/2026","20"
"Chargé(e) de Recrutement Junior - Candidat(e) résidant à Tanger | Tanger (Maroc)",https://www.rekrute.com/offre-emploi-chargee-de-recrutement-junior---candidate-residant-a-tanger-recrutement-eloan-tanger-177273.html,"","","21/11/2025","21/01/2026","1"
"Comptable technique | Casablanca (Maroc)",https://www.rekrute.com/offre-emploi-comptable-technique-recrutement-confidentiel-casablanca-177272.html,"","","21/11/2025","21/01/2026","1"
"agent de recouvrement | Casablanca (Maroc)",https://www.rekrute.com/offre-emploi-agent-de-recouvrement-recrutement-cat-assurance-et-reassurance-casablanca-177271.html,"","","21/11/2025","21/01/2026","1"
"Node.JS Developer | Casablanca (Maroc)",https://www.rekrute.com/offre-emploi-node.js-developer-recrutement-inetum-casablanca-177270.html,"","","21/11/2025","21/01/2026","2"
"Technicien de Proximité (H/F) | Casablanca (Maroc)",https://www.rekrute.com/offre-emploi-technicien-de-proximite-hf-recrutement-inetum-casablanca-177269.html,"","","21/11/2025","21/01/2026","21/01/2026"
"Ingénieur Système et Virtualisation Senior | Casablanca (Maroc)",https://www.rekrute.com/offre-emploi-ingenieur-systeme-et-virtualisation-senior-recrutement-leyton-casablanca-177267.html,"","","21/11/2025","21/01/2026","21/01/2026"
"Data Architect | Casablanca / Rabat (Maroc)",https://www.rekrute.com/offre-emploi-data-architect-recrutement-capgemini-casablanca-rabat-176328.html,"","","21/11/2025","20/12/2025","2"
"Ingénieure/Ingénieur Google Cloud Platform (H/F) | Casablanca / Rabat (Maroc)",https://www.rekrute.com/offre-emploi-ingenieureingenieur-google-cloud-platform-hf-recrutement-capgemini-casablanca-rabat-176805.html,"","","21/11/2025","04/01/2026","2"
"Chargé de Projet IT/BF | Rabat (Maroc)",https://www.rekrute.com/offre-emploi-charge-de-projet-itbf-recrutement-hit-radio-rabat-177263.html,"","","21/11/2025","21/01/2026","1"
"Stage PFE – Ingénieur spécialisé en Matériaux | Casablanca (Maroc)",https://www.rekrute.com/offre-emploi-stage-pfe-ingenieur-specialise-en-materiaux-recrutement-capgemini-engineering-casablanca-177262.html,"","","21/11/2025","21/01/2026","21/01/2026"
"Gestionnaire d’assurance | Rabat (Maroc)",https://www.rekrute.com/offre-emploi-gestionnaire-dassurance-recrutement-fondation-arrawaj-rabat-177261.html,"","","21/11/2025","21/01/2026","1"
"Chargé Opérateur Back Office | Rabat (Maroc)",https://www.rekrute.com/offre-emploi-charge-operateur-back-office-recrutement-fondation-arrawaj-rabat-177260.html,"","","21/11/2025","21/01/2026","1"
"Analyste Négociation | Casablanca (Maroc)",https://www.rekrute.com/offre-emploi-analyste-negociation-recrutement-bourse-de-casablanca-casablanca-177259.html,"","","21/11/2025","21/01/2026","1"
"Chargé(e) de l’administration Courses (H/F) | Rabat (Maroc)",https://www.rekrute.com/offre-emploi-chargee-de-ladministration-courses-hf-recrutement-sorec-rabat-177118.html,"","","21/11/2025","17/01/2026","1"
"Manager QSE & Mesures d'urgence - Région d'Errachidia | Tinejdad (Maroc)",https://www.rekrute.com/offre-emploi-manager-qse-mesures-durgence---region-derrachidia-recrutement-aya-gold-silver-tinejdad-177258.html,"","","21/11/2025","21/01/2026","1"
"Chef d'Equipe Atelier Filerie (H/F) | Casablanca (Maroc)",https://www.rekrute.com/offre-emploi-chef-dequipe-atelier-filerie-hf-recrutement-vinci-energies-afrique-de-louest-casablanca-176653.html,"","","21/11/2025","30/12/2025","3"
"Câbleur Atelier Filerie (H/F) | Casablanca (Maroc)",https://www.rekrute.com/offre-emploi-cableur-atelier-filerie-hf-recrutement-vinci-energies-afrique-de-louest-casablanca-176651.html,"","","21/11/2025","30/12/2025","10"
"Klantendienstmedewerker – Leider in Belgische telecommunicatie | Rabat (Maroc)",https://www.rekrute.com/offre-emploi-klantendienstmedewerker-leider-in-belgische-telecommunicatie-recrutement-foundever-ex-sitel-group-rabat-177256.html,"","","21/11/2025","21/01/2026","7"
"Jobaanbieding: customer support representative – logistics (nederlands sprekend, 100% remote) | Casablanca (Maroc)",https://www.rekrute.com/offre-emploi-jobaanbieding-customer-support-representative-logistics-nederlands-sprekend-100-remote-recrutement-foundever-ex-sitel-group-casablanca-177255.html,"","","21/11/2025","21/01/2026","10"
"Research Assistant in Design, Fabrication & Testing of Bio-Inspired Drones | Benguerir (Maroc)",https://www.rekrute.com/offre-emploi-research-assistant-in-design-fabrication-testing-of-bio-inspired-drones-recrutement-um6p---universite-mohammed-vi-polytechnique-benguerir-177093.html,"","","20/11/2025","20/01/2026","1"
"Research Assistant in AI, Autonomy & Digital Platforms for Drones | Benguerir (Maroc)",https://www.rekrute.com/offre-emploi-research-assistant-in-ai-autonomy-digital-platforms-for-drones-recrutement-um6p---universite-mohammed-vi-polytechnique-benguerir-177094.html,"","","20/11/2025","20/01/2026","1"
"Ingenieur en geophysique appliquee et modelisation geologique H/F | Benguerir (Maroc)",https://www.rekrute.com/offre-emploi-ingenieur-en-geophysique-appliquee-et-modelisation-geologique-hf-recrutement-um6p---universite-mohammed-vi-polytechnique-benguerir-177095.html,"","","20/11/2025","20/01/2026","1"
"Chargé de facturation (H/F) | Rabat (Maroc)",https://www.rekrute.com/offre-emploi-charge-de-facturation-hf-recrutement-axa-gbs-morocco-rabat-176664.html,"","","20/11/2025","30/12/2025","2"
"Project Management Officer | Benguerir (Maroc)",https://www.rekrute.com/offre-emploi-project-management-officer-recrutement-um6p---universite-mohammed-vi-polytechnique-benguerir-177104.html,"","","20/11/2025","20/01/2026","1"
"Coach Fitness | RABAT (Maroc)",https://www.rekrute.com/offre-emploi-coach-fitness-recrutement-um6p---universite-mohammed-vi-polytechnique-rabat-177105.html,"","","20/11/2025","20/01/2026","1"
"Coordinatrice du service après vente | Casablanca (Maroc)",https://www.rekrute.com/offre-emploi-coordinatrice-du-service-apres-vente-recrutement-claes-medical-service-casablanca-177251.html,"","","20/11/2025","20/01/2026","1"
"Charge(e) d'accueil | RABAT (Maroc)",https://www.rekrute.com/offre-emploi-chargee-daccueil-recrutement-um6p---universite-mohammed-vi-polytechnique-rabat-177106.html,"","","20/11/2025","20/01/2026","1"
"Contrôleur de gestion Senior | Casablanca (Maroc)",https://www.rekrute.com/offre-emploi-controleur-de-gestion-senior-recrutement-pwc-casablanca-177246.html,"","","20/11/2025","20/01/2026","1"
"Contrôleur de gestion | Nouaceur (Maroc)",https://www.rekrute.com/offre-emploi-controleur-de-gestion-recrutement-confidentiel-nouaceur-177244.html,"","","20/11/2025","20/01/2026","1"
"Chargé(e) de recrutement en freelance | Casablanca (Maroc)",https://www.rekrute.com/offre-emploi-chargee-de-recrutement-en-freelance-recrutement-confidentiel-casablanca-177243.html,"","","20/11/2025","20/01/2026","1"
"Conseiller Client (H/F) - Back Office -Meknès - Francophone | Meknès (Maroc)",https://www.rekrute.com/offre-emploi-conseiller-client-hf---back-office--meknes---francophone-recrutement-concentrix-meknes-176097.html,"","","20/11/2025","13/12/2025","10"
"Conseiller Client (F/H) – Télévente – Meknès – Francophone | Meknès (Maroc)",https://www.rekrute.com/offre-emploi-conseiller-client-fh-televente-meknes-francophone-recrutement-concentrix-meknes-176098.html,"","","20/11/2025","13/12/2025","10"
"Conseiller Client (F/H) - Service Client - Meknès - Allemand-Anglais | Meknès (Maroc)",https://www.rekrute.com/offre-emploi-conseiller-client-fh---service-client---meknes---allemand-anglais-recrutement-concentrix-meknes-176099.html,"","","20/11/2025","13/12/2025","10"
"Conseiller Client (F/H) - Service client - Meknès - Français / Anglais | Meknès (Maroc)",https://www.rekrute.com/offre-emploi-conseiller-client-fh---service-client---meknes---francais-anglais-recrutement-concentrix-meknes-176100.html,"","","20/11/2025","13/12/2025","10"
"Conseiller Client (F/H) - Service Client - Fès - Francophone | Fès (Maroc)",https://www.rekrute.com/offre-emploi-conseiller-client-fh---service-client---fes---francophone-recrutement-concentrix-fes-176093.html,"","","20/11/2025","13/12/2025","10"
"Conseiller Client (F/H) - Télévente - Fès - Francophone | Fès (Maroc)",https://www.rekrute.com/offre-emploi-conseiller-client-fh---televente---fes---francophone-recrutement-concentrix-fes-176094.html,"","","20/11/2025","13/12/2025","10"
"Conseiller Client (F/H) - Back Office -Fès - Français | Fès (Maroc)",https://www.rekrute.com/offre-emploi-conseiller-client-fh---back-office--fes---francais-recrutement-concentrix-fes-176095.html,"","","20/11/2025","13/12/2025","10"
"Conseiller Client (F/H) - Technique -Fès - Francophone | Fès (Maroc)",https://www.rekrute.com/offre-emploi-conseiller-client-fh---technique--fes---francophone-recrutement-concentrix-fes-176096.html,"","","20/11/2025","13/12/2025","10"
"Conseiller Client (F/H) – Expert Télévente FAI - Agadir - Français | Agadir (Maroc)",https://www.rekrute.com/offre-emploi-conseiller-client-fh-expert-televente-fai---agadir---francais-recrutement-concentrix-agadir-176092.html,"","","20/11/2025","13/12/2025","10"
"Responsable Administratif | Casablanca (Maroc)",https://www.rekrute.com/offre-emploi-responsable-administratif-recrutement-confidentiel-casablanca-177241.html,"","","20/11/2025","20/01/2026","1"
"Ingénieur OPTIM HUAWEI 5G (F/H) | Technopolis (Maroc)",https://www.rekrute.com/offre-emploi-ingenieur-optim-huawei-5g-fh-recrutement-sofrecom-maroc-technopolis-177240.html,"","","20/11/2025","20/01/2026","3"
"Chargé de Portefeuille | Sidi Kacem (Maroc)",https://www.rekrute.com/offre-emploi-charge-de-portefeuille-recrutement-fondation-arrawaj-sidi-kacem-176438.html,"","","20/11/2025","22/12/2025","5"
"Conseiller Commercial SKODA - Darbouazza | Casablanca (Maroc)",https://www.rekrute.com/offre-emploi-conseiller-commercial-skoda---darbouazza-recrutement-cac-centrale-automobile-cherifienne-casablanca-177239.html,"","","20/11/2025","20/01/2026","1"
"Lead UX/UI Designer (H/F) | Casablanca (Maroc)",https://www.rekrute.com/offre-emploi-lead-uxui-designer-hf-recrutement-confidentiel-casablanca-175986.html,"","","20/11/2025","09/12/2025","1"
"Shift Leader ACP | Casablanca (Maroc)",https://www.rekrute.com/offre-emploi-shift-leader-acp-recrutement-manpower-agences-casablanca-177237.html,"","","20/11/2025","20/01/2026","20/01/2026"
"Coordinateur(ice) Expérience Client LSM | Casablanca - Marrakech (Maroc)",https://www.rekrute.com/offre-emploi-coordinateurice-experience-client-lsm-recrutement-mcdonalds-maroc-casablanca---marrakech-176458.html,"","","20/11/2025","23/12/2025","1"
"Déclarant en Douane | Casablanca (Maroc)",https://www.rekrute.com/offre-emploi-declarant-en-douane-recrutement-orh-assessment-casablanca-177236.html,"","","20/11/2025","20/01/2026","1"
"Chargé (e) d’insertion | Safi (Maroc)",https://www.rekrute.com/offre-emploi-charge-e-dinsertion-recrutement-leet-initiative-safi-177232.html,"","","20/11/2025","20/01/2026","1"
"Responsable Marketing Meknès | Meknès (Maroc)",https://www.rekrute.com/offre-emploi-responsable-marketing-meknes-recrutement-meski-invest---riva-industries-meknes-176839.html,"","","20/11/2025","05/01/2026","1"
"conseillers clientèle en accompagnement de crédit en ligne (4500 dh+primes+...) | Casablanca (Maroc)",https://www.rekrute.com/offre-emploi-conseillers-clientele-en-accompagnement-de-credit-en-ligne-4500-dhprimes...-recrutement-eca-assurances-casablanca-177222.html,"","","20/11/2025","20/01/2026","5"
"Architect Entreprise (F/H) | Rabat (Maroc)",https://www.rekrute.com/offre-emploi-architect-entreprise-fh-recrutement-sofrecom-maroc-rabat-177219.html,"","","19/11/2025","19/01/2026","1"
"Chargé(e) de Mission RSE - CDI ( F/H) | Rabat (Maroc)",https://www.rekrute.com/offre-emploi-chargee-de-mission-rse---cdi-fh-recrutement-confidentiel-rabat-177218.html,"","","19/11/2025","19/01/2026","1"
"Chef de Projet Cloud Infrastructure ( F/H) | Rabat (Maroc)",https://www.rekrute.com/offre-emploi-chef-de-projet-cloud-infrastructure-fh-recrutement-sofrecom-maroc-rabat-177217.html,"","","19/11/2025","19/01/2026","2"
"Ingénieur DevOps - Django (F/H) | Casablanca (Maroc)",https://www.rekrute.com/offre-emploi-ingenieur-devops---django-fh-recrutement-sofrecom-maroc-casablanca-177216.html,"","","19/11/2025","19/01/2026","1"
"Ingénieur DevOps (F/H) | Casablanca (Maroc)",https://www.rekrute.com/offre-emploi-ingenieur-devops-fh-recrutement-sofrecom-maroc-casablanca-177215.html,"","","19/11/2025","19/01/2026","1"
"Développeur FullStack ReactJS/NodeJS (F/H) | Rabat (Maroc)",https://www.rekrute.com/offre-emploi-developpeur-fullstack-reactjsnodejs-fh-recrutement-sofrecom-maroc-rabat-176226.html,"","","19/11/2025","16/12/2025","4"
"Concepteur Développeur Python (F/H) | Rabat (Maroc)",https://www.rekrute.com/offre-emploi-concepteur-developpeur-python-fh-recrutement-sofrecom-maroc-rabat-176645.html,"","","19/11/2025","30/12/2025","1"
"Business Analyste télécommunication Télé (F/H) | Technopolis (Maroc)",https://www.rekrute.com/offre-emploi-business-analyste-telecommunication-tele-fh-recrutement-sofrecom-maroc-technopolis-176749.html,"","","19/11/2025","03/01/2026","1"
"Ingénieur en développement et tests automatisés (F/H) | Rabat (Maroc)",https://www.rekrute.com/offre-emploi-ingenieur-en-developpement-et-tests-automatises-fh-recrutement-sofrecom-maroc-rabat-176336.html,"","","19/11/2025","20/12/2025","1"
"Business Analyst confirmé en infrastructures (F/H) | Technopolis (Maroc)",https://www.rekrute.com/offre-emploi-business-analyst-confirme-en-infrastructures-fh-recrutement-sofrecom-maroc-technopolis-176924.html,"","","19/11/2025","09/01/2026","1"
"Chef de Projet Cloud Infrastructure (F/H) | Rabat (Maroc)",https://www.rekrute.com/offre-emploi-chef-de-projet-cloud-infrastructure-fh-recrutement-sofrecom-maroc-rabat-176987.html,"","","19/11/2025","11/01/2026","2"
"Concepteur Développeur Python (F/H) | Casablanca (Maroc)",https://www.rekrute.com/offre-emploi-concepteur-developpeur-python-fh-recrutement-sofrecom-maroc-casablanca-177034.html,"","","19/11/2025","12/01/2026","1"
"Consultante / Consultant ServiceNow Senior | Casablanca (Maroc)",https://www.rekrute.com/offre-emploi-consultante-consultant-servicenow-senior-recrutement-capgemini-casablanca-177214.html,"","","19/11/2025","19/01/2026","50"
"Chef Stewarding - Palace & Villas | Marrakech (Maroc)",https://www.rekrute.com/offre-emploi-chef-stewarding---palace-villas-recrutement-es-saadi-marrakech-resort-marrakech-177212.html,"","","19/11/2025","19/01/2026","1"
"Call Center Agent - Outbound | Casablanca (Maroc)",https://www.rekrute.com/offre-emploi-call-center-agent---outbound-recrutement-air-arabia-casablanca-177211.html,"","","19/11/2025","19/01/2026","1"
"Pilote Systeme Freinage | Casablanca (Maroc)",https://www.rekrute.com/offre-emploi-pilote-systeme-freinage-recrutement-akkodis-maroc-casablanca-177210.html,"","","19/11/2025","19/01/2026","19/01/2026"
"XPS Engineer | Benguerir (Maroc)",https://www.rekrute.com/offre-emploi-xps-engineer-recrutement-um6p---universite-mohammed-vi-polytechnique-benguerir-177209.html,"","","19/11/2025","19/01/2026","1"
"Chargé(e) d’Import (H/F) | Rabat (Maroc)",https://www.rekrute.com/offre-emploi-chargee-dimport-hf-recrutement-locamed-rabat-177207.html,"","","19/11/2025","19/01/2026","1"
"Assistante Junior (H/F) | Casablanca (Maroc)",https://www.rekrute.com/offre-emploi-assistante-junior-hf-recrutement-carl-rogers-consulting-casablanca-177206.html,"","","19/11/2025","19/01/2026","1"
"Technicien(ne) Dessinatrice DAO – Coordination de Projets | Casablanca (Maroc)",https://www.rekrute.com/offre-emploi-technicienne-dessinatrice-dao-coordination-de-projets-recrutement-confidentiel-casablanca-177203.html,"","","19/11/2025","19/01/2026","1"
"Chargé de Portefeuille | Bouknadel (Maroc)",https://www.rekrute.com/offre-emploi-charge-de-portefeuille-recrutement-fondation-arrawaj-bouknadel-177202.html,"","","19/11/2025","19/01/2026","5"
"Programme Yeelen du groupe Attijariwafa bank | casablanca (Maroc)",https://www.rekrute.com/offre-emploi-programme-yeelen-du-groupe-attijariwafa-bank-recrutement-attijariwafa-bank-casablanca-168413.html,"","","19/11/2025","19/01/2026","1"
"Ingénieur QA Environnement .NET | Casablanca (Maroc)",https://www.rekrute.com/offre-emploi-ingenieur-qa-environnement-.net-recrutement-ipanema-consulting-casablanca-177200.html,"","","19/11/2025","19/01/2026","1"
"Project Pilot (H/F) | Rabat (Maroc)",https://www.rekrute.com/offre-emploi-project-pilot-hf-recrutement-alten-maroc-rabat-177199.html,"","","19/11/2025","19/01/2026","1"
"Responsable solutions (H/F) | Casablanca (Maroc)",https://www.rekrute.com/offre-emploi-responsable-solutions-hf-recrutement-sofrecom-maroc-casablanca-177198.html,"","","19/11/2025","19/01/2026","19/01/2026"
"Chauffeur pour Directeur Général | Casablanca (Maroc)",https://www.rekrute.com/offre-emploi-chauffeur-pour-directeur-general-recrutement-umareq-casablanca-177197.html,"","","19/11/2025","19/01/2026","1"
"Contrôleur de Gestion expérimenté(e) F/H | Casablanca-Settat, Maroc (Maroc)",https://www.rekrute.com/offre-emploi-controleur-de-gestion-experimentee-fh-recrutement-deloitte-extended-services-casablanca-settat-maroc-176190.html,"","","19/11/2025","15/12/2025","1"
"Business operations officer (H/F) | Casablanca (Maroc)",https://www.rekrute.com/offre-emploi-business-operations-officer-hf-recrutement-confidentiel-casablanca-176450.html,"","","19/11/2025","23/12/2025","1"
"Consultant SIRH Stagiaire | Casablanca (Maroc)",https://www.rekrute.com/offre-emploi-consultant-sirh-stagiaire-recrutement-deloitte-extended-services-casablanca-177196.html,"","","19/11/2025","19/01/2026","25"
"Consultant en Stratégie et Transformation (H/F) | Casablanca (Maroc)",https://www.rekrute.com/offre-emploi-consultant-en-strategie-et-transformation-hf-recrutement-confidentiel-casablanca-175987.html,"","","19/11/2025","09/12/2025","1"
"Ingénieur Travaux Génie Civil (H/F) | Tout le Maroc (Maroc)",https://www.rekrute.com/offre-emploi-ingenieur-travaux-genie-civil-hf-recrutement-confidentiel-tout-le-maroc-177195.html,"","","19/11/2025","19/01/2026","1"
"Responsable de stock (H/F) | Bouznika (Maroc)",https://www.rekrute.com/offre-emploi-responsable-de-stock-hf-recrutement-locamed-bouznika-177193.html,"","","19/11/2025","19/01/2026","1"
"Chargé(e) Administration des Ventes | Meknès (Maroc)",https://www.rekrute.com/offre-emploi-chargee-administration-des-ventes-recrutement-confidentiel-meknes-176640.html,"","","19/11/2025","30/12/2025","1"
"Se necesita gestor de proyectos para nuestro proyecto internacional de vehículos (Spanish speakers). | Tanger (Maroc)",https://www.rekrute.com/offre-emploi-se-necesita-gestor-de-proyectos-para-nuestro-proyecto-internacional-de-vehiculos-spanish-speakers.-recrutement-foundever-ex-sitel-group-tanger-177190.html,"","","19/11/2025","19/01/2026","3"
"Architecte en Maîtrise d’Ouvrage | Sala al Jadida (Maroc)",https://www.rekrute.com/offre-emploi-architecte-en-maitrise-douvrage-recrutement-cid-sala-al-jadida-176163.html,"","","19/11/2025","15/12/2025","15/12/2025"
"Buscamos un jefe de equipo para nuestro proyecto de atención al cliente - Tanger | Tanger (Maroc)",https://www.rekrute.com/offre-emploi-buscamos-un-jefe-de-equipo-para-nuestro-proyecto-de-atencion-al-cliente---tanger-recrutement-foundever-ex-sitel-group-tanger-177189.html,"","","19/11/2025","19/01/2026","1"
"Inspecteur Senior | Rabat (Maroc)",https://www.rekrute.com/offre-emploi-inspecteur-senior-recrutement-fondation-arrawaj-rabat-177188.html,"","","19/11/2025","19/01/2026","1"
"Klantendienstmedewerker – Leider in Belgische telecommunicatie | Rabat (Maroc)",https://www.rekrute.com/offre-emploi-klantendienstmedewerker-leider-in-belgische-telecommunicatie-recrutement-foundever-ex-sitel-group-rabat-177187.html,"","","19/11/2025","19/01/2026","7"
"Ingénieur Développement en .NET confirmé (e) parfaitement francophone - Temps partiel | Casablanca (Maroc)",https://www.rekrute.com/offre-emploi-ingenieur-developpement-en-.net-confirme-e-parfaitement-francophone---temps-partiel-recrutement-genius-services-casablanca-176750.html,"","","19/11/2025","03/01/2026","1"
"Conseillers Clients support technique / FTTH #ST-ftth-1125 | Rabat (Maroc)",https://www.rekrute.com/offre-emploi-conseillers-clients-support-technique-ftth-st-ftth-1125-recrutement-marketing-call-center-rabat-177186.html,"","","19/11/2025","19/01/2026","1"
"Conseillers techniques :Secteur pharmaceutique #CT/SP12/11 | Rabat (Maroc)",https://www.rekrute.com/offre-emploi-conseillers-techniques-secteur-pharmaceutique-ctsp1211-recrutement-marketing-call-center-rabat-177045.html,"","","19/11/2025","12/01/2026","11"
"Chargé Achat F/H | Meknès (Maroc)",https://www.rekrute.com/offre-emploi-charge-achat-fh-recrutement-confidentiel-meknes-177184.html,"","","18/11/2025","18/01/2026","1"
"Team Manager Bilingue (ANG/FR) | Rabat (Maroc)",https://www.rekrute.com/offre-emploi-team-manager-bilingue-angfr-recrutement-foundever-ex-sitel-group-rabat-177182.html,"","","18/11/2025","18/01/2026","2"
"Production planner | Agadir (Maroc)",https://www.rekrute.com/offre-emploi-production-planner-recrutement-groupe-azura-agadir-174880.html,"","","18/11/2025","18/01/2026","1"
"Responsable maintenance | Had Soualem (Maroc)",https://www.rekrute.com/offre-emploi-responsable-maintenance-recrutement-best-biscuits-maroc-had-soualem-177177.html,"","","18/11/2025","18/01/2026","1"
"Chargé de Communication (H/F) - Fès - Fez | Fès (Maroc)",https://www.rekrute.com/offre-emploi-charge-de-communication-hf---fes---fez-recrutement-cnexia-fes-177157.html,"","","17/11/2025","17/01/2026","1"
"Télévendeur BtoC – Secteur Énergie | Rabat (Maroc)",https://www.rekrute.com/offre-emploi-televendeur-btoc-secteur-energie-recrutement-adm-value-rabat-176479.html,"","","17/11/2025","23/12/2025","10"
"Chargé(e) de Clientèle BtoB pour un fournisseur d'énergies en France ( Call + Mail ) | Rabat (Maroc)",https://www.rekrute.com/offre-emploi-chargee-de-clientele-btob-pour-un-fournisseur-denergies-en-france-call-mail-recrutement-adm-value-rabat-176484.html,"","","17/11/2025","23/12/2025","24"
"Télévendeur BtoC – Assurance Emprunteur | Rabat (Maroc)",https://www.rekrute.com/offre-emploi-televendeur-btoc-assurance-emprunteur-recrutement-adm-value-rabat-176483.html,"","","17/11/2025","23/12/2025","2"
"Conseiller Commercial en Assurance Santé et Prévoyance | Rabat (Maroc)",https://www.rekrute.com/offre-emploi-conseiller-commercial-en-assurance-sante-et-prevoyance-recrutement-adm-value-rabat-176477.html,"","","17/11/2025","23/12/2025","20"
"Télévendeur btob énergie : rejoins une aventure commerciale stimulante | Rabat (Maroc)",https://www.rekrute.com/offre-emploi-televendeur-btob-energie-rejoins-une-aventure-commerciale-stimulante-recrutement-adm-value-rabat-176475.html,"","","17/11/2025","23/12/2025","5"
"Technicien Electromécanicien/ Mécanicien | Casablanca (Maroc)",https://www.rekrute.com/offre-emploi-technicien-electromecanicien-mecanicien-recrutement-confidentiel-casablanca-177148.html,"","","17/11/2025","17/01/2026","1"
"Responsable Supply Chain secteur Textile | Casablanca (Maroc)",https://www.rekrute.com/offre-emploi-responsable-supply-chain-secteur-textile-recrutement-crit-casablanca-177146.html,"","","17/11/2025","17/01/2026","1"
"Chargé de clientèle par téléphone | Casablanca (Maroc)",https://www.rekrute.com/offre-emploi-charge-de-clientele-par-telephone-recrutement-crit-casablanca-177141.html,"","","17/11/2025","17/01/2026","2"
"Ingénieur DevOps (f/h) | Casablanca (Maroc)",https://www.rekrute.com/offre-emploi-ingenieur-devops-fh-recrutement-sofrecom-maroc-casablanca-177138.html,"","","17/11/2025","17/01/2026","1"
"Concepteur Développeur Fullstack (f/h) | Casablanca (Maroc)",https://www.rekrute.com/offre-emploi-concepteur-developpeur-fullstack-fh-recrutement-sofrecom-maroc-casablanca-177136.html,"","","17/11/2025","17/01/2026","1"
"People Administration Specialist - Rabat | Rabat (Maroc)",https://www.rekrute.com/offre-emploi-people-administration-specialist---rabat-recrutement-cnexia-rabat-177135.html,"","","17/11/2025","17/01/2026","17/01/2026"
"Chargé de Portefeuille | Fès (Maroc)",https://www.rekrute.com/offre-emploi-charge-de-portefeuille-recrutement-fondation-arrawaj-fes-177131.html,"","","17/11/2025","17/01/2026","5"
"Payroll specialist | Rabat (Maroc)",https://www.rekrute.com/offre-emploi-payroll-specialist-recrutement-cnexia-rabat-177129.html,"","","17/11/2025","17/01/2026","1"
"Responsable Buanderie – Hôtel 4 étoiles | Casablanca (Maroc)",https://www.rekrute.com/offre-emploi-responsable-buanderie-hotel-4-etoiles-recrutement-domino-hr-morocco-casablanca-177128.html,"","","17/11/2025","17/01/2026","17/01/2026"
"Chargé de support commercial et ADV | Casablanca (Maroc)",https://www.rekrute.com/offre-emploi-charge-de-support-commercial-et-adv-recrutement-logisolutions-casablanca-177126.html,"","","17/11/2025","17/01/2026","1"
"Ingénieur(e) Ouvrages d’Art | Sala al Jadida (Maroc)",https://www.rekrute.com/offre-emploi-ingenieure-ouvrages-dart-recrutement-cid-sala-al-jadida-177102.html,"","","17/11/2025","14/01/2026","14/01/2026"
"Chargé des Appels d'Offres et Marchés (H/F) | Rabat (Maroc)",https://www.rekrute.com/offre-emploi-charge-des-appels-doffres-et-marches-hf-recrutement-sorec-rabat-177124.html,"","","17/11/2025","17/01/2026","1"
"OTC (Order to Cash)-Canada Project | Rabat (Maroc)",https://www.rekrute.com/offre-emploi-otc-order-to-cash-canada-project-recrutement-hcltech-rabat-177122.html,"","","17/11/2025","17/01/2026","50"
"Stagiaire PFE en développement PHP (F/H) | Casablanca (Maroc)",https://www.rekrute.com/offre-emploi-stagiaire-pfe-en-developpement-php-fh-recrutement-sofrecom-maroc-casablanca-177121.html,"","","17/11/2025","17/01/2026","1"
"Manager H/F | Agadir (Maroc)",https://www.rekrute.com/offre-emploi-manager-hf-recrutement-mcdonalds-maroc-agadir-177120.html,"","","17/11/2025","17/01/2026","6"
"Stagiaire PFE en Automatisation des Tests (F/H) | Casablanca (Maroc)",https://www.rekrute.com/offre-emploi-stagiaire-pfe-en-automatisation-des-tests-fh-recrutement-sofrecom-maroc-casablanca-177119.html,"","","17/11/2025","17/01/2026","1"
"Stagiaire en Data Science (H/F) | Rabat (Maroc)",https://www.rekrute.com/offre-emploi-stagiaire-en-data-science-hf-recrutement-sorec-rabat-177117.html,"","","17/11/2025","17/01/2026","1"
"¡tu oportunidad para crecer hablando español en tánger! | Tanger (Maroc)",https://www.rekrute.com/offre-emploi-tu-oportunidad-para-crecer-hablando-espanol-en-tanger-recrutement-foundever-ex-sitel-group-tanger-177116.html,"","","17/11/2025","17/01/2026","17/01/2026"
"Klantendienstmedewerker – Leider in Belgische telecommunicatie | Rabat (Maroc)",https://www.rekrute.com/offre-emploi-klantendienstmedewerker-leider-in-belgische-telecommunicatie-recrutement-foundever-ex-sitel-group-rabat-177114.html,"","","17/11/2025","17/01/2026","7"
"Ingénieur Avant Vente - Systèmes et Réseaux | Casablanca (Maroc)",https://www.rekrute.com/offre-emploi-ingenieur-avant-vente---systemes-et-reseaux-recrutement-disty-technologies-casablanca-177113.html,"","","16/11/2025","16/01/2026","2"
"Comptable Confirmé(e) | Casablanca (Maroc)",https://www.rekrute.com/offre-emploi-comptable-confirmee-recrutement-disty-technologies-casablanca-177112.html,"","","16/11/2025","16/01/2026","1"
"Ingénieur Analyste - Décisionnel (H/F) | Casablanca (Maroc)",https://www.rekrute.com/offre-emploi-ingenieur-analyste---decisionnel-hf-recrutement-disty-technologies-casablanca-177111.html,"","","16/11/2025","16/01/2026","2"
"Chargé(e) de la Logistique | Casablanca (Maroc)",https://www.rekrute.com/offre-emploi-chargee-de-la-logistique-recrutement-disty-technologies-casablanca-177110.html,"","","16/11/2025","16/01/2026","1"
"Ingénieur Réseaux et Sécurité (H/F) | Casablanca (Maroc)",https://www.rekrute.com/offre-emploi-ingenieur-reseaux-et-securite-hf-recrutement-disty-technologies-casablanca-177109.html,"","","16/11/2025","16/01/2026","2"
"Fellowship (program "Culture and Society in transformation") | Lüneburg (Allemagne)",https://www.rekrute.com/offre-emploi-fellowship-program-culture-and-society-in-transformation-recrutement-leuphana-universitat-luneburg-lias-cas-luneburg-177107.html,"","","15/11/2025","15/01/2026","7"
"Responsable Commercial B2B | Casablanca (Maroc)",https://www.rekrute.com/offre-emploi-responsable-commercial-b2b-recrutement-confidentiel-casablanca-177101.html,"","","14/11/2025","14/01/2026","1"
"Développeur Full Stack ( H/F ) | Casablanca (Maroc)",https://www.rekrute.com/offre-emploi-developpeur-full-stack-hf-recrutement-sdk-wood-casablanca-177100.html,"","","14/11/2025","14/01/2026","1"
"Responsable Achat (H/F) | Casablanca (Maroc)",https://www.rekrute.com/offre-emploi-responsable-achat-hf-recrutement-nutribiotek-casablanca-177096.html,"","","14/11/2025","14/01/2026","1"
"Ingenieur de Recherche | Benguerir (Maroc)",https://www.rekrute.com/offre-emploi-ingenieur-de-recherche-recrutement-um6p---universite-mohammed-vi-polytechnique-benguerir-177092.html,"","","14/11/2025","14/01/2026","1"
"CONTRÔLEUR GÉNÉRAL (HÔTEL) | Casablanca (Maroc)",https://www.rekrute.com/offre-emploi-controleur-general-hotel-recrutement-domino-hr-morocco-casablanca-177091.html,"","","14/11/2025","14/01/2026","1"
"Responsable Achats - futur directeur des achats | Casablanca (Maroc)",https://www.rekrute.com/offre-emploi-responsable-achats---futur-directeur-des-achats-recrutement-orh-assessment-casablanca-177090.html,"","","14/11/2025","14/01/2026","1"
"Incident Manager Cloud | Rabat (Maroc)",https://www.rekrute.com/offre-emploi-incident-manager-cloud-recrutement-alten-maroc-rabat-177089.html,"","","14/11/2025","14/01/2026","2"
"Incident Manager | Rabat (Maroc)",https://www.rekrute.com/offre-emploi-incident-manager-recrutement-alten-maroc-rabat-177088.html,"","","14/11/2025","14/01/2026","1"
"Responsable Administrations des ventes et du recouvrement ADVR | Casablanca (Maroc)",https://www.rekrute.com/offre-emploi-responsable-administrations-des-ventes-et-du-recouvrement-advr-recrutement-arcol-casablanca-177087.html,"","","14/11/2025","14/01/2026","1"
"Product Owner (H/F) | Casablanca (Maroc)",https://www.rekrute.com/offre-emploi-product-owner-hf-recrutement-sofrecom-maroc-casablanca-176842.html,"","","14/11/2025","05/01/2026","05/01/2026"
"Responsable Qualité | Meknès (Maroc)",https://www.rekrute.com/offre-emploi-responsable-qualite-recrutement-meski-invest---riva-industries-meknes-177086.html,"","","14/11/2025","14/01/2026","1"
"Conseiller Commercial SENIOR PRO TPME (H/F) | CASA / Rabat / TANGER (Maroc)",https://www.rekrute.com/offre-emploi-conseiller-commercial-senior-pro-tpme-hf-recrutement-bank-al-yousr-casa-rabat-tanger-174993.html,"","","14/11/2025","14/01/2026","1"
"Auditeur Interne Senior | Casablanca (Maroc)",https://www.rekrute.com/offre-emploi-auditeur-interne-senior-recrutement-bank-al-yousr-casablanca-174994.html,"","","14/11/2025","14/01/2026","1"
"Bilingual (Fr/Eng) Employee Relations Specialists with HR degree - Night Shift | Rabat (Maroc)",https://www.rekrute.com/offre-emploi-bilingual-freng-employee-relations-specialists-with-hr-degree---night-shift-recrutement-foundever-ex-sitel-group-rabat-177085.html,"","","14/11/2025","14/01/2026","6"
"Responsable Administratif | Maroc (Maroc)",https://www.rekrute.com/offre-emploi-responsable-administratif-recrutement-confidentiel-maroc-176919.html,"","","14/11/2025","08/01/2026","08/01/2026"
"Klantendienstmedewerker – Leider in Belgische telecommunicatie | Rabat (Maroc)",https://www.rekrute.com/offre-emploi-klantendienstmedewerker-leider-in-belgische-telecommunicatie-recrutement-foundever-ex-sitel-group-rabat-177083.html,"","","14/11/2025","14/01/2026","7"
"Rabat - Chargé de clientèle en énergie – cellule recouvrement BtoB | Rabat (Maroc)",https://www.rekrute.com/offre-emploi-rabat---charge-de-clientele-en-energie-cellule-recouvrement-btob-recrutement-adm-value-rabat-177082.html,"","","13/11/2025","13/01/2026","10"
"Conseiller(ère) commercial(e) en énergie - Réception d'appels | Rabat (Maroc)",https://www.rekrute.com/offre-emploi-conseillerere-commerciale-en-energie---reception-dappels-recrutement-adm-value-rabat-177081.html,"","","13/11/2025","13/01/2026","15"
"Coordinateur Paie | Nouaceur (Maroc)",https://www.rekrute.com/offre-emploi-coordinateur-paie-recrutement-figeac-aero-maroc-nouaceur-177080.html,"","","13/11/2025","13/01/2026","1"
"Concepteur Aéronautique Senior | Tanger (Maroc)",https://www.rekrute.com/offre-emploi-concepteur-aeronautique-senior-recrutement-akkodis-maroc-tanger-177079.html,"","","13/11/2025","13/01/2026","13/01/2026"
"Employability Data Analyst | Benguerir (Maroc)",https://www.rekrute.com/offre-emploi-employability-data-analyst-recrutement-um6p---universite-mohammed-vi-polytechnique-benguerir-177076.html,"","","13/11/2025","13/01/2026","1"
"Technicien Metrologue | Benguerir (Maroc)",https://www.rekrute.com/offre-emploi-technicien-metrologue-recrutement-um6p---universite-mohammed-vi-polytechnique-benguerir-177077.html,"","","13/11/2025","13/01/2026","1"
"Responsable comptoir (H/F) | Tétouan (Maroc)",https://www.rekrute.com/offre-emploi-responsable-comptoir-hf-recrutement-locamed-tetouan-177075.html,"","","13/11/2025","13/01/2026","1"
"Chargé(e) de recrutement | Nouaceur (Maroc)",https://www.rekrute.com/offre-emploi-chargee-de-recrutement-recrutement-figeac-aero-maroc-nouaceur-177074.html,"","","13/11/2025","13/01/2026","1"
"HR BUSINESS PARTNER (H/F) | Rabat (Maroc)",https://www.rekrute.com/offre-emploi-hr-business-partner-hf-recrutement-confidentiel-rabat-177071.html,"","","13/11/2025","13/01/2026","1"
"Crédit manager | Casablanca (Maroc)",https://www.rekrute.com/offre-emploi-credit-manager-recrutement-confidentiel-casablanca-177070.html,"","","13/11/2025","13/01/2026","1"
"Chargé (e) d'import (H/F) | Casablanca (Maroc)",https://www.rekrute.com/offre-emploi-charge-e-dimport-hf-recrutement-confidentiel-casablanca-177069.html,"","","13/11/2025","13/01/2026","1"
"Manager Juridique (H/F) | Casablanca (Maroc)",https://www.rekrute.com/offre-emploi-manager-juridique-hf-recrutement-carl-rogers-consulting-casablanca-177068.html,"","","13/11/2025","13/01/2026","1"
"Stage – Chargé(e) de Recrutement et Administration | Casablanca (Maroc)",https://www.rekrute.com/offre-emploi-stage-chargee-de-recrutement-et-administration-recrutement-moore-casablanca-casablanca-177065.html,"","","13/11/2025","13/01/2026","3"
"Architecte IT (H/F) | Rabat (Maroc)",https://www.rekrute.com/offre-emploi-architecte-it-hf-recrutement-confidentiel-rabat-176252.html,"","","13/11/2025","17/12/2025","1"
"Concepteur Développeur Python (H/ F) | Rabat (Maroc)",https://www.rekrute.com/offre-emploi-concepteur-developpeur-python-h-f-recrutement-confidentiel-rabat-176251.html,"","","13/11/2025","17/12/2025","1"
"Assistante Administrative | Mohammédia (Maroc)",https://www.rekrute.com/offre-emploi-assistante-administrative-recrutement-confidentiel-mohammedia-177060.html,"","","13/11/2025","13/01/2026","1"
"Responsable Maintenance Véhicules – Parc | Mohammédia (Maroc)",https://www.rekrute.com/offre-emploi-responsable-maintenance-vehicules-parc-recrutement-confidentiel-mohammedia-177059.html,"","","13/11/2025","13/01/2026","1"
"Attaché Parc | Mohammédia (Maroc)",https://www.rekrute.com/offre-emploi-attache-parc-recrutement-confidentiel-mohammedia-177058.html,"","","13/11/2025","13/01/2026","1"
"Chargé clientèle en agence Anfa | Casablanca-Settat, Maroc (Maroc)",https://www.rekrute.com/offre-emploi-charge-clientele-en-agence-anfa-recrutement-manpower-agences-casablanca-settat-maroc-177057.html,"","","13/11/2025","13/01/2026","1"
"Responsable logistique import et export | Casablanca (Maroc)",https://www.rekrute.com/offre-emploi-responsable-logistique-import-et-export-recrutement-aya-gold-silver-casablanca-177056.html,"","","13/11/2025","13/01/2026","1"
"Chargé(e) de projets monétiques | Casablanca (Maroc)",https://www.rekrute.com/offre-emploi-chargee-de-projets-monetiques-recrutement-outsourcia-casablanca-177055.html,"","","13/11/2025","13/01/2026","1"
"Chargé d’Infrastructure et sécurité SI | Casablanca (Maroc)",https://www.rekrute.com/offre-emploi-charge-dinfrastructure-et-securite-si-recrutement-finea-casablanca-177054.html,"","","13/11/2025","13/01/2026","1"
"Responsable Comptabilité | Nouaceur (Maroc)",https://www.rekrute.com/offre-emploi-responsable-comptabilite-recrutement-confidentiel-nouaceur-177053.html,"","","13/11/2025","13/01/2026","1"
"Chargé de développement mécatronique | Casablanca (Maroc)",https://www.rekrute.com/offre-emploi-charge-de-developpement-mecatronique-recrutement-capgemini-engineering-casablanca-177052.html,"","","13/11/2025","13/01/2026","1"
"Ground and Maintenance Administrative Assistant | Ifrane (Maroc)",https://www.rekrute.com/offre-emploi-ground-and-maintenance-administrative-assistant-recrutement-al-akhawayn-university-ifrane-177051.html,"","","13/11/2025","13/01/2026","1"
"Analyste risque senior | Casablanca (Maroc)",https://www.rekrute.com/offre-emploi-analyste-risque-senior-recrutement-finea-casablanca-177050.html,"","","13/11/2025","13/01/2026","1"
"Chargé de Développement Hardware | Casablanca (Maroc)",https://www.rekrute.com/offre-emploi-charge-de-developpement-hardware-recrutement-capgemini-engineering-casablanca-177049.html,"","","13/11/2025","13/01/2026","1"
"EHS Senior Specialist M/F | Meknès (Maroc)",https://www.rekrute.com/offre-emploi-ehs-senior-specialist-mf-recrutement-yazaki-morocco-meknes-177046.html,"","","12/11/2025","12/01/2026","1"
"Généraliste RH expérimenté(e) Francophone | Casablanca (Maroc)",https://www.rekrute.com/offre-emploi-generaliste-rh-experimentee-francophone-recrutement-genius-services-casablanca-177042.html,"","","12/11/2025","12/01/2026","1"
"Assistant(e) RH | Rabat (Maroc)",https://www.rekrute.com/offre-emploi-assistante-rh-recrutement-confidentiel-rabat-175783.html,"","","12/11/2025","12/01/2026","1"
"GenAI / Agentic AI Specialist (H/F) | Rabat (Maroc)",https://www.rekrute.com/offre-emploi-genai-agentic-ai-specialist-hf-recrutement-afd.tech-rabat-177040.html,"","","12/11/2025","12/01/2026","12/01/2026"
"Analyste de facturation et de relance | Casablanca (Maroc)",https://www.rekrute.com/offre-emploi-analyste-de-facturation-et-de-relance-recrutement-coface-casablanca-177038.html,"","","12/11/2025","12/01/2026","2"
"Chargé de portefeuille | El Jadida (Maroc)",https://www.rekrute.com/offre-emploi-charge-de-portefeuille-recrutement-fondation-arrawaj-el-jadida-177037.html,"","","12/11/2025","12/01/2026","7"
"Responsable Comptabilité Bancaire | Casablanca (Maroc)",https://www.rekrute.com/offre-emploi-responsable-comptabilite-bancaire-recrutement-cac-centrale-automobile-cherifienne-casablanca-177036.html,"","","12/11/2025","12/01/2026","12/01/2026"
"Finance Manager | Casablanca (Maroc)",https://www.rekrute.com/offre-emploi-finance-manager-recrutement-orh-assessment-casablanca-177035.html,"","","12/11/2025","12/01/2026","1"
"HELPDESK BILINGUE TANGER ( FR/ENG) | Casablanca (Maroc)",https://www.rekrute.com/offre-emploi-helpdesk-bilingue-tanger-freng-recrutement-manpower-agences-casablanca-177033.html,"","","12/11/2025","12/01/2026","5"
"Gérant de Station-Service | El Menzeh - Meknès (Maroc)",https://www.rekrute.com/offre-emploi-gerant-de-station-service-recrutement-confidentiel-el-menzeh---meknes-177032.html,"","","12/11/2025","12/01/2026","2"
"Gérant Station de Services | TANGER (Maroc)",https://www.rekrute.com/offre-emploi-gerant-station-de-services-recrutement-confidentiel-tanger-177031.html,"","","12/11/2025","12/01/2026","1"
"Gérant Station de Services | Marrakech (Maroc)",https://www.rekrute.com/offre-emploi-gerant-station-de-services-recrutement-confidentiel-marrakech-177030.html,"","","12/11/2025","12/01/2026","1"
"Approvisionneur ( H/F ) | Casablanca (Maroc)",https://www.rekrute.com/offre-emploi-approvisionneur-hf-recrutement-sdk-wood-casablanca-176700.html,"","","12/11/2025","31/12/2025","1"
"Délégué Régional et Responsable Commercial (H/F) | AGADIR (Maroc)",https://www.rekrute.com/offre-emploi-delegue-regional-et-responsable-commercial-hf-recrutement-confidentiel-agadir-176850.html,"","","12/11/2025","05/01/2026","2"
"Délégué Régional (H/F) | Oujda (Maroc)",https://www.rekrute.com/offre-emploi-delegue-regional-hf-recrutement-confidentiel-oujda-177029.html,"","","12/11/2025","12/01/2026","1"
"Klantendienstmedewerker – Leider in Belgische telecommunicatie | Rabat (Maroc)",https://www.rekrute.com/offre-emploi-klantendienstmedewerker-leider-in-belgische-telecommunicatie-recrutement-foundever-ex-sitel-group-rabat-177027.html,"","","12/11/2025","12/01/2026","12/01/2026"
"Stagiaire rémunéré en marketing digital | casablanca (Maroc)",https://www.rekrute.com/offre-emploi-stagiaire-remunere-en-marketing-digital-recrutement-hp-search-casablanca-177026.html,"","","12/11/2025","12/01/2026","1"
"Coordinateur RH | Casablanca (Maroc)",https://www.rekrute.com/offre-emploi-coordinateur-rh-recrutement-cac-centrale-automobile-cherifienne-casablanca-176302.html,"","","12/11/2025","20/12/2025","1"
"Ingénieur Service Technique- Secteur Automobile | Casablanca (Maroc)",https://www.rekrute.com/offre-emploi-ingenieur-service-technique--secteur-automobile-recrutement-confidentiel-casablanca-177024.html,"","","12/11/2025","12/01/2026","2"
"Stagiaire - Marketing (H/F) | Casablanca (Maroc)",https://www.rekrute.com/offre-emploi-stagiaire---marketing-hf-recrutement-groupe-bel-casablanca-176863.html,"","","12/11/2025","12/01/2026","1"
"Assistante de la Direction Technique | Casablanca (Maroc)",https://www.rekrute.com/offre-emploi-assistante-de-la-direction-technique-recrutement-groupe-addoha-casablanca-177023.html,"","","12/11/2025","12/01/2026","1"
"Juriste Contentieux Junior | Casablanca (Maroc)",https://www.rekrute.com/offre-emploi-juriste-contentieux-junior-recrutement-groupe-addoha-casablanca-177022.html,"","","12/11/2025","12/01/2026","1"
"Project Management Officer Expérimenté (PMO) | Casablanca (Maroc)",https://www.rekrute.com/offre-emploi-project-management-officer-experimente-pmo-recrutement-groupe-addoha-casablanca-177020.html,"","","12/11/2025","12/01/2026","1"
"Chef de Projets Techniques | Rabat (Maroc)",https://www.rekrute.com/offre-emploi-chef-de-projets-techniques-recrutement-groupe-addoha-rabat-177019.html,"","","12/11/2025","12/01/2026","1"
"Directeur Commercial Régional | Tanger (Maroc)",https://www.rekrute.com/offre-emploi-directeur-commercial-regional-recrutement-groupe-addoha-tanger-177017.html,"","","12/11/2025","12/01/2026","1"
"Directeur Commercial Régional | Rabat (Maroc)",https://www.rekrute.com/offre-emploi-directeur-commercial-regional-recrutement-groupe-addoha-rabat-177016.html,"","","12/11/2025","12/01/2026","1"
"Directeur Commercial Régional | Marrakech (Maroc)",https://www.rekrute.com/offre-emploi-directeur-commercial-regional-recrutement-groupe-addoha-marrakech-177015.html,"","","12/11/2025","12/01/2026","1"
"Responsable Administratif et Financier | Casablanca (Maroc)",https://www.rekrute.com/offre-emploi-responsable-administratif-et-financier-recrutement-confidentiel-casablanca-176565.html,"","","12/11/2025","27/12/2025","1"
"Responsable Solutions (H/F) | Casablanca (Maroc)",https://www.rekrute.com/offre-emploi-responsable-solutions-hf-recrutement-sofrecom-maroc-casablanca-177011.html,"","","12/11/2025","12/01/2026","12/01/2026"
"Technicien Mécanique Senior | Casablanca (Maroc)",https://www.rekrute.com/offre-emploi-technicien-mecanique-senior-recrutement-cac-centrale-automobile-cherifienne-casablanca-177010.html,"","","12/11/2025","12/01/2026","1"
"Stagiaire PFE Consultant SIRH | Casablanca (Maroc)",https://www.rekrute.com/offre-emploi-stagiaire-pfe-consultant-sirh-recrutement-deloitte-extended-services-casablanca-131836.html,"","","12/11/2025","12/01/2026","12/01/2026"
"Comptable Trésorerie | Casablanca (Maroc)",https://www.rekrute.com/offre-emploi-comptable-tresorerie-recrutement-crit-casablanca-177009.html,"","","12/11/2025","12/01/2026","1"
"Student Industry Relations (SIR) Coordinator - SHBM | Benguerir (Maroc)",https://www.rekrute.com/offre-emploi-student-industry-relations-sir-coordinator---shbm-recrutement-um6p---universite-mohammed-vi-polytechnique-benguerir-177005.html,"","","12/11/2025","12/01/2026","1"
"QA Test Lead | Casablanca / Rabat (Maroc)",https://www.rekrute.com/offre-emploi-qa-test-lead-recrutement-capgemini-casablanca-rabat-177004.html,"","","12/11/2025","12/01/2026","50"
"Business Analyst Senior / Télécommunication (H/ F) | Rabat (Maroc)",https://www.rekrute.com/offre-emploi-business-analyst-senior-telecommunication-h-f-recrutement-confidentiel-rabat-177003.html,"","","12/11/2025","12/01/2026","1"
"Ingénieur Supply Chain – Première Expérience (Fes) | Fès (Maroc)",https://www.rekrute.com/offre-emploi-ingenieur-supply-chain-premiere-experience-fes-recrutement-capgemini-engineering-fes-176998.html,"","","11/11/2025","11/01/2026","30"
"Gestionnaire Juridique, Réglementaire et Risque | Casablanca (Maroc)",https://www.rekrute.com/offre-emploi-gestionnaire-juridique-reglementaire-et-risque-recrutement-attijari-payment-processing-casablanca-176997.html,"","","11/11/2025","11/01/2026","1"
"Chargé(e) de Partenariats & Relations Presse | Marrakech (Maroc)",https://www.rekrute.com/offre-emploi-chargee-de-partenariats-relations-presse-recrutement-es-saadi-marrakech-resort-marrakech-176996.html,"","","11/11/2025","11/01/2026","1"
"Responsable Digital, Data et CRM | Marrakech (Maroc)",https://www.rekrute.com/offre-emploi-responsable-digital-data-et-crm-recrutement-es-saadi-marrakech-resort-marrakech-176995.html,"","","11/11/2025","11/01/2026","1"
"Conseiller Commercial | Rabat (Maroc)",https://www.rekrute.com/offre-emploi-conseiller-commercial-recrutement-groupe-addoha-rabat-176994.html,"","","11/11/2025","11/01/2026","4"
"Conseiller Commercial | Sidi Rahal (Maroc)",https://www.rekrute.com/offre-emploi-conseiller-commercial-recrutement-groupe-addoha-sidi-rahal-176993.html,"","","11/11/2025","11/01/2026","4"
"Conseiller Commercial | Fkih Ben Salah (Maroc)",https://www.rekrute.com/offre-emploi-conseiller-commercial-recrutement-groupe-addoha-fkih-ben-salah-176992.html,"","","11/11/2025","11/01/2026","4"
"Commercial BTP | Kénitra (Maroc)",https://www.rekrute.com/offre-emploi-commercial-btp-recrutement-confidentiel-kenitra-176641.html,"","","11/11/2025","30/12/2025","2"
"MANAGER CFA (COURANT FAIBLE) | Benguerir (Maroc)",https://www.rekrute.com/offre-emploi-manager-cfa-courant-faible-recrutement-um6p---universite-mohammed-vi-polytechnique-benguerir-176991.html,"","","11/11/2025","11/01/2026","1"
"Portfolio Executive | Benguerir (Maroc)",https://www.rekrute.com/offre-emploi-portfolio-executive-recrutement-um6p---universite-mohammed-vi-polytechnique-benguerir-176988.html,"","","11/11/2025","11/01/2026","1"
"Charge de Logistique | Benguerir (Maroc)",https://www.rekrute.com/offre-emploi-charge-de-logistique-recrutement-um6p---universite-mohammed-vi-polytechnique-benguerir-176989.html,"","","11/11/2025","11/01/2026","1"
"Digital Support Officer | Benguerir (Maroc)",https://www.rekrute.com/offre-emploi-digital-support-officer-recrutement-um6p---universite-mohammed-vi-polytechnique-benguerir-176990.html,"","","11/11/2025","11/01/2026","1"
"Responsable prospection | Tout le Maroc (Maroc)",https://www.rekrute.com/offre-emploi-responsable-prospection-recrutement-groupe-labelvie---carrefour-tout-le-maroc-176985.html,"","","11/11/2025","11/01/2026","11/01/2026"
"Téléconseillers H/F | Casablanca (Maroc)",https://www.rekrute.com/offre-emploi-teleconseillers-hf-recrutement-groupe-addoha-casablanca-176984.html,"","","11/11/2025","11/01/2026","20"
"Conseiller Commercial | Casablanca (Maroc)",https://www.rekrute.com/offre-emploi-conseiller-commercial-recrutement-groupe-addoha-casablanca-176982.html,"","","11/11/2025","11/01/2026","8"
"Consultant fonctionnel Dynamics 365 F&O | Casablanca (Maroc)",https://www.rekrute.com/offre-emploi-consultant-fonctionnel-dynamics-365-fo-recrutement-inetum-casablanca-176981.html,"","","11/11/2025","11/01/2026","11/01/2026"
"Chargé de portefeuille | Sidi Bennour (Maroc)",https://www.rekrute.com/offre-emploi-charge-de-portefeuille-recrutement-fondation-arrawaj-sidi-bennour-176980.html,"","","11/11/2025","11/01/2026","7"
"Téléconseiller(e)s | Casablanca (Maroc)",https://www.rekrute.com/offre-emploi-teleconseilleres-recrutement-attijariwafa-bank-casablanca-176979.html,"","","11/11/2025","11/01/2026","11/01/2026"
"Chef D'Agence - Berrechid | Casablanca (Maroc)",https://www.rekrute.com/offre-emploi-chef-dagence---berrechid-recrutement-fondation-arrawaj-casablanca-176978.html,"","","11/11/2025","11/01/2026","1"
"ExeKutive",https://www.rekrute.com/exek,"","","11/11/2025","11/02/2026","2"
"Research Engineer / Research Assistant Position in Silicon Resources Valorization | Benguerir (Maroc)",https://www.rekrute.com/offre-emploi-research-engineer-research-assistant-position-in-silicon-resources-valorization-recrutement-um6p---universite-mohammed-vi-polytechnique-benguerir-176675.html,"","","11/11/2025","11/01/2026","1"
"Research Engineer / Research Assistant Position in Mineral Processing | Benguerir (Maroc)",https://www.rekrute.com/offre-emploi-research-engineer-research-assistant-position-in-mineral-processing-recrutement-um6p---universite-mohammed-vi-polytechnique-benguerir-176676.html,"","","11/11/2025","11/01/2026","1"
"Research Assistant Position in non-conventional phosphates beneficiation | Benguerir (Maroc)",https://www.rekrute.com/offre-emploi-research-assistant-position-in-non-conventional-phosphates-beneficiation-recrutement-um6p---universite-mohammed-vi-polytechnique-benguerir-176677.html,"","","11/11/2025","11/01/2026","1"
"Research Assistant in Economic & Econometric Analysis of Water Use & Management | Benguerir (Maroc)",https://www.rekrute.com/offre-emploi-research-assistant-in-economic-econometric-analysis-of-water-use-management-recrutement-um6p---universite-mohammed-vi-polytechnique-benguerir-176818.html,"","","11/11/2025","11/01/2026","1"
"Research Assistant on some economic trends in water use and management. | Benguerir (Maroc)",https://www.rekrute.com/offre-emploi-research-assistant-on-some-economic-trends-in-water-use-and-management.-recrutement-um6p---universite-mohammed-vi-polytechnique-benguerir-176819.html,"","","11/11/2025","11/01/2026","1"
"Chargé de Portefeuille_OUED AMLIL | TAZA (Maroc)",https://www.rekrute.com/offre-emploi-charge-de-portefeuille_oued-amlil-recrutement-fondation-arrawaj-taza-176974.html,"","","11/11/2025","11/01/2026","2"
"Administrateur ERP & Applications métiers | Casablanca (Maroc)",https://www.rekrute.com/offre-emploi-administrateur-erp-applications-metiers-recrutement-arcol-casablanca-176650.html,"","","11/11/2025","30/12/2025","1"
"Conseiller Commerciale (H/F) | Marrakech (Maroc)",https://www.rekrute.com/offre-emploi-conseiller-commerciale-hf-recrutement-manpower-agences-marrakech-176973.html,"","","11/11/2025","11/01/2026","1"
"CHEF DE PROJET SENIOR | Casablanca (Maroc)",https://www.rekrute.com/offre-emploi-chef-de-projet-senior-recrutement-attijariwafa-bank-casablanca-176972.html,"","","11/11/2025","11/01/2026","11/01/2026"
"Expert Environnemental et Social | Casablanca (Maroc)",https://www.rekrute.com/offre-emploi-expert-environnemental-et-social-recrutement-attijariwafa-bank-casablanca-176971.html,"","","11/11/2025","11/01/2026","11/01/2026"
"Analyste Sénior Risk Management | Casablanca (Maroc)",https://www.rekrute.com/offre-emploi-analyste-senior-risk-management-recrutement-attijariwafa-bank-casablanca-176970.html,"","","11/11/2025","11/01/2026","11/01/2026"
"CONTROLEURS DE GESTION SENIORS (H/F) | Rabat (Maroc)",https://www.rekrute.com/offre-emploi-controleurs-de-gestion-seniors-hf-recrutement-confidentiel-rabat-176968.html,"","","11/11/2025","11/01/2026","2"
"Agent Support Commercial Mid/Long Tail – (Sidi Maârouf) | Casablanca (Maroc)",https://www.rekrute.com/offre-emploi-agent-support-commercial-midlong-tail-sidi-maarouf-recrutement-manpower-agences-casablanca-176967.html,"","","11/11/2025","11/01/2026","1"
"Télévendeur(se) Francophone expérimenté: fixe + primes déplafonnées – Rejoignez l’aventure #TLV-FR10/25 | Rabat (Maroc)",https://www.rekrute.com/offre-emploi-televendeurse-francophone-experimente-fixe-primes-deplafonnees-rejoignez-laventure-tlv-fr1025-recrutement-marketing-call-center-rabat-176722.html,"","","11/11/2025","01/01/2026","5"
"agent support commercial -mohammedia | Mohammédia (Maroc)",https://www.rekrute.com/offre-emploi-agent-support-commercial--mohammedia-recrutement-manpower-agences-mohammedia-176966.html,"","","11/11/2025","11/01/2026","1"
"ExeKutive",https://www.rekrute.com/exek,"","","11/11/2025","16/12/2025","1"
"Overseas Factory Project Director/Deputy Director | Casablanca (Maroc)",https://www.rekrute.com/offre-emploi-overseas-factory-project-directordeputy-director-recrutement-psw-group-casablanca-176218.html,"","","11/11/2025","16/12/2025","1"
"Merchandiser 3D (H/F) | Casablanca (Maroc)",https://www.rekrute.com/offre-emploi-merchandiser-3d-hf-recrutement-bricoma-casablanca-176614.html,"","","11/11/2025","29/12/2025","2"
"Comptable (e) confirmé (e) senior | Casablanca (Maroc)",https://www.rekrute.com/offre-emploi-comptable-e-confirme-e-senior-recrutement-be-one-consulting-casablanca-176963.html,"","","10/11/2025","10/01/2026","1"
"Office Manager Bilingue | Casablanca (Maroc)",https://www.rekrute.com/offre-emploi-office-manager-bilingue-recrutement-moore-casablanca-casablanca-176962.html,"","","10/11/2025","10/01/2026","1"
"Responsable Restaurants (Palace) | Marrakech (Maroc)",https://www.rekrute.com/offre-emploi-responsable-restaurants-palace-recrutement-es-saadi-marrakech-resort-marrakech-176752.html,"","","10/11/2025","03/01/2026","1"
"Chargé(e) des Moyens Généraux & Achats | Casablanca (Maroc)",https://www.rekrute.com/offre-emploi-chargee-des-moyens-generaux-achats-recrutement-orh-groupe-casablanca-176960.html,"","","10/11/2025","10/01/2026","1"
"Chargé(e) de Bureau d’ordre & Office Management | Casablanca (Maroc)",https://www.rekrute.com/offre-emploi-chargee-de-bureau-dordre-office-management-recrutement-orh-groupe-casablanca-176961.html,"","","10/11/2025","10/01/2026","1"
"Testeur automaticien (H/F) | Casablanca (Maroc)",https://www.rekrute.com/offre-emploi-testeur-automaticien-hf-recrutement-sofrecom-maroc-casablanca-176959.html,"","","10/11/2025","10/01/2026","1"
"Stagiaire en Développement JAVA (H/F) | Casablanca (Maroc)",https://www.rekrute.com/offre-emploi-stagiaire-en-developpement-java-hf-recrutement-sofrecom-maroc-casablanca-174619.html,"","","10/11/2025","10/01/2026","2"
"Chargé de recrutement | Casablanca (Maroc)",https://www.rekrute.com/offre-emploi-charge-de-recrutement-recrutement-crit-casablanca-176956.html,"","","10/11/2025","10/01/2026","1"
"CORELAB Technician | Ben Guerir, Marrakech-Safi, Maroc (Maroc)",https://www.rekrute.com/offre-emploi-corelab-technician-recrutement-um6p---universite-mohammed-vi-polytechnique-ben-guerir-marrakech-safi-maroc-176951.html,"","","10/11/2025","10/01/2026","1"
"CORELAB Technician | Benguerir (Maroc)",https://www.rekrute.com/offre-emploi-corelab-technician-recrutement-um6p---universite-mohammed-vi-polytechnique-benguerir-176949.html,"","","10/11/2025","10/01/2026","1"
"CORELAB Engineer | Ben Guerir, Marrakech-Safi, Maroc (Maroc)",https://www.rekrute.com/offre-emploi-corelab-engineer-recrutement-um6p---universite-mohammed-vi-polytechnique-ben-guerir-marrakech-safi-maroc-176947.html,"","","10/11/2025","10/01/2026","1"
"CORELAB Technician | Ben Guerir, Marrakech-Safi, Maroc (Maroc)",https://www.rekrute.com/offre-emploi-corelab-technician-recrutement-um6p---universite-mohammed-vi-polytechnique-ben-guerir-marrakech-safi-maroc-176948.html,"","","10/11/2025","10/01/2026","1"
"CORELAB Engineer | Ben Guerir, Marrakech-Safi, Maroc (Maroc)",https://www.rekrute.com/offre-emploi-corelab-engineer-recrutement-um6p---universite-mohammed-vi-polytechnique-ben-guerir-marrakech-safi-maroc-176950.html,"","","10/11/2025","10/01/2026","1"
"CORELAB Engineer | Ben Guerir, Marrakech-Safi, Maroc (Maroc)",https://www.rekrute.com/offre-emploi-corelab-engineer-recrutement-um6p---universite-mohammed-vi-polytechnique-ben-guerir-marrakech-safi-maroc-176946.html,"","","10/11/2025","10/01/2026","1"
"Gérant de Station-Service | Ben Maachou (Maroc)",https://www.rekrute.com/offre-emploi-gerant-de-station-service-recrutement-confidentiel-ben-maachou-176945.html,"","","10/11/2025","10/01/2026","1"
"Product Owner (F/H) | Casablanca (Maroc)",https://www.rekrute.com/offre-emploi-product-owner-fh-recrutement-sofrecom-maroc-casablanca-176944.html,"","","10/11/2025","10/01/2026","1"
"Architecte Fonctionnel (F/H) | Casablanca (Maroc)",https://www.rekrute.com/offre-emploi-architecte-fonctionnel-fh-recrutement-sofrecom-maroc-casablanca-176943.html,"","","10/11/2025","10/01/2026","1"
"Chargé de clientèle H/F | Dakhla (Maroc)",https://www.rekrute.com/offre-emploi-charge-de-clientele-hf-recrutement-bank-assafa-dakhla-176942.html,"","","10/11/2025","10/01/2026","1"
"Stagiaire Contrôle de Base de Données (H/F) | Casablanca (Maroc)",https://www.rekrute.com/offre-emploi-stagiaire-controle-de-base-de-donnees-hf-recrutement-groupe-labelvie---carrefour-casablanca-176941.html,"","","10/11/2025","10/01/2026","1"
"Chargé de Portefeuille_EL MENZEL | Meknès (Maroc)",https://www.rekrute.com/offre-emploi-charge-de-portefeuille_el-menzel-recrutement-fondation-arrawaj-meknes-176940.html,"","","10/11/2025","10/01/2026","5"
"Chargée de la gestion et du recouvrement des créances (femme) | Marrakech (Maroc)",https://www.rekrute.com/offre-emploi-chargee-de-la-gestion-et-du-recouvrement-des-creances-femme-recrutement-confidentiel-marrakech-176939.html,"","","10/11/2025","10/01/2026","1"
"Chargé de clientèle en agence Biranzarane | Casablanca-Settat, Maroc (Maroc)",https://www.rekrute.com/offre-emploi-charge-de-clientele-en-agence-biranzarane-recrutement-manpower-agences-casablanca-settat-maroc-176937.html,"","","10/11/2025","10/01/2026","1"
"Gestionnaire Environnement du travail et Dev Durable | Casablanca (Maroc)",https://www.rekrute.com/offre-emploi-gestionnaire-environnement-du-travail-et-dev-durable-recrutement-attijariwafa-bank-casablanca-176617.html,"","","10/11/2025","29/12/2025","1"
"Gestionnaire Coordination et Ingénierie | Casablanca (Maroc)",https://www.rekrute.com/offre-emploi-gestionnaire-coordination-et-ingenierie-recrutement-attijariwafa-bank-casablanca-176627.html,"","","10/11/2025","29/12/2025","1"
"Agent de Maintenance Electricien | Meknès (Maroc)",https://www.rekrute.com/offre-emploi-agent-de-maintenance-electricien-recrutement-confidentiel-meknes-176515.html,"","","10/11/2025","24/12/2025","2"
"Data Engineer | Casablanca / Rabat (Maroc)",https://www.rekrute.com/offre-emploi-data-engineer-recrutement-capgemini-casablanca-rabat-176329.html,"","","10/11/2025","20/12/2025","2"
"Technical Lead ETL | Casablanca / Rabat (Maroc)",https://www.rekrute.com/offre-emploi-technical-lead-etl-recrutement-capgemini-casablanca-rabat-176330.html,"","","10/11/2025","20/12/2025","2"
"Ingénieure/Ingénieur Qlik Sense Senior | Casablanca / Rabat (Maroc)",https://www.rekrute.com/offre-emploi-ingenieureingenieur-qlik-sense-senior-recrutement-capgemini-casablanca-rabat-176331.html,"","","10/11/2025","20/12/2025","2"
"Ingénieure/Ingénieur Data Databricks Senior | Casablanca / Rabat (Maroc)",https://www.rekrute.com/offre-emploi-ingenieureingenieur-data-databricks-senior-recrutement-capgemini-casablanca-rabat-176332.html,"","","10/11/2025","20/12/2025","2"
"Chargé(e) de gestion des déplacements professionnels | Technopolis (Maroc)",https://www.rekrute.com/offre-emploi-chargee-de-gestion-des-deplacements-professionnels-recrutement-sofrecom-maroc-technopolis-176933.html,"","","10/11/2025","10/01/2026","1"
"Administrateur d'Achat | Technopolis (Maroc)",https://www.rekrute.com/offre-emploi-administrateur-dachat-recrutement-sofrecom-maroc-technopolis-176932.html,"","","10/11/2025","10/01/2026","1"
"Product Owner – Solutions Cloud & CRM | Casablanca (Maroc)",https://www.rekrute.com/offre-emploi-product-owner-solutions-cloud-crm-recrutement-orh-assessment-casablanca-176931.html,"","","10/11/2025","10/01/2026","1"
"Assistante de Direction- | Casablanca (Maroc)",https://www.rekrute.com/offre-emploi-assistante-de-direction--recrutement-confidentiel-casablanca-176916.html,"","","10/11/2025","07/01/2026","1"
"Manager AI Expert F/H (Ouverte) | Casablanca (Maroc)",https://www.rekrute.com/offre-emploi-manager-ai-expert-fh-ouverte-recrutement-deloitte-extended-services-casablanca-176702.html,"","","10/11/2025","31/12/2025","1"
"Chargé de Paie | Casablanca (Maroc)",https://www.rekrute.com/offre-emploi-charge-de-paie-recrutement-m-automotiv-casablanca-176930.html,"","","10/11/2025","10/01/2026","1"
"Chargé(e) de formation | Casablanca (Maroc)",https://www.rekrute.com/offre-emploi-chargee-de-formation-recrutement-hp-search-casablanca-176929.html,"","","10/11/2025","10/01/2026","1"
"Chef de projet Sénior | Rabat (Maroc)",https://www.rekrute.com/offre-emploi-chef-de-projet-senior-recrutement-adi-rabat-176388.html,"","","10/11/2025","21/12/2025","1"
"Expert en environnement | Rabat (Maroc)",https://www.rekrute.com/offre-emploi-expert-en-environnement-recrutement-adi-rabat-176387.html,"","","10/11/2025","21/12/2025","1"
"Commercial Terrain (H/F) | Casablanca et périphérie (Maroc)",https://www.rekrute.com/offre-emploi-commercial-terrain-hf-recrutement-manpower-agences-casablanca-et-peripherie-176915.html,"","","10/11/2025","07/01/2026","07/01/2026"
"Correspondant(e) Achat Expérimenté F/H | Casablanca-Settat, Maroc (Maroc)",https://www.rekrute.com/offre-emploi-correspondante-achat-experimente-fh-recrutement-deloitte-extended-services-casablanca-settat-maroc-176926.html,"","","10/11/2025","10/01/2026","1"
"Office Manager | Sala al Jadida (Maroc)",https://www.rekrute.com/offre-emploi-office-manager-recrutement-cid-sala-al-jadida-176238.html,"","","10/11/2025","16/12/2025","16/12/2025"
"Quality Manager (M/F) | Meknès (Maroc)",https://www.rekrute.com/offre-emploi-quality-manager-mf-recrutement-yazaki-morocco-meknes-176910.html,"","","10/11/2025","07/01/2026","1"
"Collaborateur Service Client - Mohammédia | Mohammédia (Maroc)",https://www.rekrute.com/offre-emploi-collaborateur-service-client---mohammedia-recrutement-ikea-maroc-mohammedia-176925.html,"","","10/11/2025","10/01/2026","2"
"Assistante Administrative | Rabat (Maroc)",https://www.rekrute.com/offre-emploi-assistante-administrative-recrutement-adi-rabat-176876.html,"","","10/11/2025","05/01/2026","1"
"IT Talent Acquisition | Casablanca (Maroc)",https://www.rekrute.com/offre-emploi-it-talent-acquisition-recrutement-ipanema-consulting-casablanca-176589.html,"","","10/11/2025","28/12/2025","1"
"Attaché(e) Pédagogique Polyvalent(e) | Rabat (Maroc)",https://www.rekrute.com/offre-emploi-attachee-pedagogique-polyvalente-recrutement-apee---association-pour-la-promotion-de-lenseignement-dexcellence-rabat-161292.html,"","","10/11/2025","10/01/2026","12"
"Concepteur Développeur Camunda (F/H) | Rabat (Maroc)",https://www.rekrute.com/offre-emploi-concepteur-developpeur-camunda-fh-recrutement-sofrecom-maroc-rabat-176134.html,"","","09/11/2025","14/12/2025","1"
"CORELAB Technician | Benguerir (Maroc)",https://www.rekrute.com/offre-emploi-corelab-technician-recrutement-um6p---universite-mohammed-vi-polytechnique-benguerir-176922.html,"","","09/11/2025","09/01/2026","1"
"Superviseur systemes de gestion du batiment (BMS) | Ben Guerir, Marrakech-Safi, Maroc (Maroc)",https://www.rekrute.com/offre-emploi-superviseur-systemes-de-gestion-du-batiment-bms-recrutement-um6p---universite-mohammed-vi-polytechnique-ben-guerir-marrakech-safi-maroc-176923.html,"","","09/11/2025","09/01/2026","1"
"Chef d'agence | Skhirat (Maroc)",https://www.rekrute.com/offre-emploi-chef-dagence-recrutement-fondation-arrawaj-skhirat-176920.html,"","","08/11/2025","08/01/2026","1"
"Responsable Administratif et Financier (RAF) | Casablanca (Maroc)",https://www.rekrute.com/offre-emploi-responsable-administratif-et-financier-raf-recrutement-crit-casablanca-176917.html,"","","07/11/2025","07/01/2026","1"
"HSE Manager | Laâyoune, Laâyoune-Sakia El Hamra, Maroc (Maroc)",https://www.rekrute.com/offre-emploi-hse-manager-recrutement-manpower-agences-laayoune-laayoune-sakia-el-hamra-maroc-176914.html,"","","07/11/2025","07/01/2026","1"
"HSE Trainer | Laâyoune, Laâyoune-Sakia El Hamra, Maroc (Maroc)",https://www.rekrute.com/offre-emploi-hse-trainer-recrutement-manpower-agences-laayoune-laayoune-sakia-el-hamra-maroc-176913.html,"","","07/11/2025","07/01/2026","1"
"Chargé(e) d’Opérations Crédoc Import/Export (H/F) | Casablanca (Maroc)",https://www.rekrute.com/offre-emploi-chargee-doperations-credoc-importexport-hf-recrutement-attijariwafa-bank-casablanca-176912.html,"","","07/11/2025","07/01/2026","10"
"Juriste H/F | Casablanca (Maroc)",https://www.rekrute.com/offre-emploi-juriste-hf-recrutement-bank-al-yousr-casablanca-176468.html,"","","07/11/2025","24/12/2025","24/12/2025"
"Responsable Production - Secteur Agro alimentaire | Casablanca (Maroc)",https://www.rekrute.com/offre-emploi-responsable-production---secteur-agro-alimentaire-recrutement-crit-casablanca-176911.html,"","","07/11/2025","07/01/2026","1"
"Sales Development Representative (SDR)- – Émission d’appels | Casablanca (Maroc)",https://www.rekrute.com/offre-emploi-sales-development-representative-sdr--emission-dappels-recrutement-confidentiel-casablanca-176728.html,"","","07/11/2025","03/01/2026","3"
"Back Office Officer (Bilingue Français – Anglais) | Casablanca (Maroc)",https://www.rekrute.com/offre-emploi-back-office-officer-bilingue-francais-anglais-recrutement-maroc-climate-and-security-mcs---carrier-casablanca-176908.html,"","","07/11/2025","07/01/2026","2"
"Collaborateur Service Client - IKEA Zenata | Casablanca (Maroc)",https://www.rekrute.com/offre-emploi-collaborateur-service-client---ikea-zenata-recrutement-ikea-maroc-casablanca-176907.html,"","","07/11/2025","07/01/2026","2"
"Collaborateur Commercial - IKEA Zenata | Casablanca (Maroc)",https://www.rekrute.com/offre-emploi-collaborateur-commercial---ikea-zenata-recrutement-ikea-maroc-casablanca-176906.html,"","","07/11/2025","07/01/2026","3"
"Stagiaire au département commercial - IKEA Morocco Mall | Casablanca (Maroc)",https://www.rekrute.com/offre-emploi-stagiaire-au-departement-commercial---ikea-morocco-mall-recrutement-ikea-maroc-casablanca-176905.html,"","","07/11/2025","07/01/2026","2"
"Brand Manager Senior (H/F) | Casablanca (Maroc)",https://www.rekrute.com/offre-emploi-brand-manager-senior-hf-recrutement-carl-rogers-consulting-casablanca-176904.html,"","","07/11/2025","07/01/2026","1"
"Administrateur IT – Plateforme Esri (ArcGIS) | Casablanca (Maroc)",https://www.rekrute.com/offre-emploi-administrateur-it-plateforme-esri-arcgis-recrutement-manpower-agences-casablanca-176903.html,"","","07/11/2025","07/01/2026","1"
"Gérant de Station-Service | El Menzeh - Meknès (Maroc)",https://www.rekrute.com/offre-emploi-gerant-de-station-service-recrutement-confidentiel-el-menzeh---meknes-176704.html,"","","07/11/2025","31/12/2025","1"
"Chargé(e) d’Opérations Remdoc Import/Export (H/F) | Casablanca (Maroc)",https://www.rekrute.com/offre-emploi-chargee-doperations-remdoc-importexport-hf-recrutement-attijariwafa-bank-casablanca-176901.html,"","","07/11/2025","07/01/2026","10"
"Contrôleur Général-Club WIFAQ | Rabat (Maroc)",https://www.rekrute.com/offre-emploi-controleur-general-club-wifaq-recrutement-madaef-sports-events-rabat-176899.html,"","","07/11/2025","07/01/2026","1"
"Directeur de Restauration (H/F) | Dakhla (Maroc)",https://www.rekrute.com/offre-emploi-directeur-de-restauration-hf-recrutement-ocean-vagabond-lassarga-dakhla-176879.html,"","","07/11/2025","07/01/2026","1"
"Chargé de portefeuille | Skhirat (Maroc)",https://www.rekrute.com/offre-emploi-charge-de-portefeuille-recrutement-fondation-arrawaj-skhirat-176898.html,"","","07/11/2025","07/01/2026","4"
"Chargé de portefeuille | Larache (Maroc)",https://www.rekrute.com/offre-emploi-charge-de-portefeuille-recrutement-fondation-arrawaj-larache-176896.html,"","","07/11/2025","07/01/2026","4"
"Chef d'agence | Larache (Maroc)",https://www.rekrute.com/offre-emploi-chef-dagence-recrutement-fondation-arrawaj-larache-176895.html,"","","07/11/2025","07/01/2026","1"
"Chargé de portefeuille | Fnideq (Maroc)",https://www.rekrute.com/offre-emploi-charge-de-portefeuille-recrutement-fondation-arrawaj-fnideq-176893.html,"","","07/11/2025","07/01/2026","3"
"Financial Analyst (M/F) | Casablanca (Maroc)",https://www.rekrute.com/offre-emploi-financial-analyst-mf-recrutement-maroc-climate-and-security-mcs---carrier-casablanca-176892.html,"","","07/11/2025","07/01/2026","1"
"Expert maquette numérique | Fès (Maroc)",https://www.rekrute.com/offre-emploi-expert-maquette-numerique-recrutement-alten-maroc-fes-176891.html,"","","07/11/2025","07/01/2026","1"
"Software Tester (UDS) | Rabat (Maroc)",https://www.rekrute.com/offre-emploi-software-tester-uds-recrutement-alten-maroc-rabat-176890.html,"","","06/11/2025","06/01/2026","1"
"ADAS HIL Testing Engineer (H/F) | Rabat (Maroc)",https://www.rekrute.com/offre-emploi-adas-hil-testing-engineer-hf-recrutement-alten-maroc-rabat-176887.html,"","","06/11/2025","06/01/2026","1"
"Project Safety Manager (H/F) | Casablanca (Maroc)",https://www.rekrute.com/offre-emploi-project-safety-manager-hf-recrutement-alten-maroc-casablanca-176886.html,"","","06/11/2025","06/01/2026","1"
"PCB Designer | Rabat (Maroc)",https://www.rekrute.com/offre-emploi-pcb-designer-recrutement-alten-maroc-rabat-176885.html,"","","06/11/2025","06/01/2026","1"
"Design Engineer Components FAS (m/f/d) | Rabat (Maroc)",https://www.rekrute.com/offre-emploi-design-engineer-components-fas-mfd-recrutement-alten-maroc-rabat-176884.html,"","","06/11/2025","06/01/2026","1"
"Package Engineer FAS-Sensor Technology (m/f/d) | Rabat (Maroc)",https://www.rekrute.com/offre-emploi-package-engineer-fas-sensor-technology-mfd-recrutement-alten-maroc-rabat-176883.html,"","","06/11/2025","06/01/2026","1"
"Project Coordinator Sensor Package (m/f/d) | Rabat (Maroc)",https://www.rekrute.com/offre-emploi-project-coordinator-sensor-package-mfd-recrutement-alten-maroc-rabat-176882.html,"","","06/11/2025","06/01/2026","1"
"Supplier Quality Engineer (H/F) | Rabat (Maroc)",https://www.rekrute.com/offre-emploi-supplier-quality-engineer-hf-recrutement-alten-maroc-rabat-176881.html,"","","06/11/2025","06/01/2026","1"
"Responsable Administratif | Casablanca (Maroc)",https://www.rekrute.com/offre-emploi-responsable-administratif-recrutement-bank-al-yousr-casablanca-176880.html,"","","05/11/2025","05/01/2026","1"
"RESPONSABLE ADMINISTRATIF ET FINANCIER | Casablanca (Maroc)",https://www.rekrute.com/offre-emploi-responsable-administratif-et-financier-recrutement-atlas-online-casablanca-176878.html,"","","05/11/2025","05/01/2026","1"
"Gestionnaire ressources humaines expérimenté(e) F/H | Casablanca-Settat, Maroc (Maroc)",https://www.rekrute.com/offre-emploi-gestionnaire-ressources-humaines-experimentee-fh-recrutement-deloitte-extended-services-casablanca-settat-maroc-176877.html,"","","05/11/2025","05/01/2026","1"
"Responsable Production | BERRECHID (Maroc)",https://www.rekrute.com/offre-emploi-responsable-production-recrutement-swing-winds-berrechid-176862.html,"","","05/11/2025","05/01/2026","1"
"Responsable de Site | El Jadida (Maroc)",https://www.rekrute.com/offre-emploi-responsable-de-site-recrutement-meski-invest---riva-industries-el-jadida-176875.html,"","","05/11/2025","05/01/2026","1"
"Approvisionneur | Casablanca (Maroc)",https://www.rekrute.com/offre-emploi-approvisionneur-recrutement-vinci-energies-afrique-de-louest-casablanca-176872.html,"","","05/11/2025","05/01/2026","1"
"Chef D'Agence | Rabat (Maroc)",https://www.rekrute.com/offre-emploi-chef-dagence-recrutement-fondation-arrawaj-rabat-176871.html,"","","05/11/2025","05/01/2026","5"
"Chef d'agence | Marrakech (Maroc)",https://www.rekrute.com/offre-emploi-chef-dagence-recrutement-fondation-arrawaj-marrakech-176870.html,"","","05/11/2025","05/01/2026","1"
"Chef d'agence | Casablanca (Maroc)",https://www.rekrute.com/offre-emploi-chef-dagence-recrutement-fondation-arrawaj-casablanca-176869.html,"","","05/11/2025","05/01/2026","5"
"Technicien maintenance | Benguerir (Maroc)",https://www.rekrute.com/offre-emploi-technicien-maintenance-recrutement-apee---association-pour-la-promotion-de-lenseignement-dexcellence-benguerir-176864.html,"","","05/11/2025","05/01/2026","1"
"Conseiller Commercial H/F | Khénifra (Maroc)",https://www.rekrute.com/offre-emploi-conseiller-commercial-hf-recrutement-meski-invest---riva-industries-khenifra-176867.html,"","","05/11/2025","05/01/2026","10"
"Chef de Site H/F | Khénifra (Maroc)",https://www.rekrute.com/offre-emploi-chef-de-site-hf-recrutement-meski-invest---riva-industries-khenifra-176865.html,"","","05/11/2025","05/01/2026","1"
"Technicien Calibration (Support Calibration) | Rabat (Maroc)",https://www.rekrute.com/offre-emploi-technicien-calibration-support-calibration-recrutement-alten-maroc-rabat-176668.html,"","","05/11/2025","30/12/2025","1"
"Stagiaire Achat & Appro IT (H/F) | Skhirat (Maroc)",https://www.rekrute.com/offre-emploi-stagiaire-achat-appro-it-hf-recrutement-groupe-labelvie---carrefour-skhirat-176861.html,"","","05/11/2025","05/01/2026","1"
"Business Developer | Casablanca (Maroc)",https://www.rekrute.com/offre-emploi-business-developer-recrutement-wall-street-english-casablanca-176860.html,"","","05/11/2025","05/01/2026","1"
"Chef de Cellule Cash Management & Projets divers | Rabat (Maroc)",https://www.rekrute.com/offre-emploi-chef-de-cellule-cash-management-projets-divers-recrutement-fondation-arrawaj-rabat-176858.html,"","","05/11/2025","05/01/2026","1"
"Order to Cash team (France Market) On-site in Rabat | Rabat (Maroc)",https://www.rekrute.com/offre-emploi-order-to-cash-team-france-market-on-site-in-rabat-recrutement-hcltech-rabat-176857.html,"","","05/11/2025","05/01/2026","10"
"Responsable Département Recouvrement & Contentieux | Casablanca (Maroc)",https://www.rekrute.com/offre-emploi-responsable-departement-recouvrement-contentieux-recrutement-finea-casablanca-174563.html,"","","05/11/2025","05/01/2026","1"
"Responsable Méthodes et Métrologie - Câblage (H/F) | Casablanca (Maroc)",https://www.rekrute.com/offre-emploi-responsable-methodes-et-metrologie---cablage-hf-recrutement-vinci-energies-afrique-de-louest-casablanca-174603.html,"","","05/11/2025","05/01/2026","05/01/2026"
"Comptable SENIOR multinationale à Salé Technopolis | Salé - Technopolis (Maroc)",https://www.rekrute.com/offre-emploi-comptable-senior-multinationale-a-sale-technopolis-recrutement-axa-services-maroc-sale---technopolis-176856.html,"","","05/11/2025","05/01/2026","1"
"Femme / Valet de Chambre | Fès (Maroc)",https://www.rekrute.com/offre-emploi-femme-valet-de-chambre-recrutement-palais-jamai-fes-176855.html,"","","05/11/2025","05/01/2026","05/01/2026"
"Equipier Polyvalent | Fès (Maroc)",https://www.rekrute.com/offre-emploi-equipier-polyvalent-recrutement-palais-jamai-fes-176854.html,"","","05/11/2025","05/01/2026","05/01/2026"
"Conseiller Commercial CUPRA (H/F) | Casablanca (Maroc)",https://www.rekrute.com/offre-emploi-conseiller-commercial-cupra-hf-recrutement-cac-centrale-automobile-cherifienne-casablanca-176852.html,"","","05/11/2025","05/01/2026","1"
"Chargé d'Etudes Engagements | Casablanca (Maroc)",https://www.rekrute.com/offre-emploi-charge-detudes-engagements-recrutement-bank-al-yousr-casablanca-176338.html,"","","05/11/2025","20/12/2025","1"
"Ingénieur AI | Casablanca (Maroc)",https://www.rekrute.com/offre-emploi-ingenieur-ai-recrutement-plastima-casablanca-176848.html,"","","05/11/2025","05/01/2026","1"
"Chargé de Portefeuille | khenichet (Maroc)",https://www.rekrute.com/offre-emploi-charge-de-portefeuille-recrutement-fondation-arrawaj-khenichet-176847.html,"","","05/11/2025","05/01/2026","2"
"Proxy PO (H/F) | Casablanca (Maroc)",https://www.rekrute.com/offre-emploi-proxy-po-hf-recrutement-sofrecom-maroc-casablanca-176846.html,"","","05/11/2025","05/01/2026","05/01/2026"
"Chef de projet télécom (H/F) | Casablanca (Maroc)",https://www.rekrute.com/offre-emploi-chef-de-projet-telecom-hf-recrutement-sofrecom-maroc-casablanca-176845.html,"","","05/11/2025","05/01/2026","05/01/2026"
"Comptable Fournisseurs | Rabat (Maroc)",https://www.rekrute.com/offre-emploi-comptable-fournisseurs-recrutement-fondation-arrawaj-rabat-176843.html,"","","05/11/2025","05/01/2026","1"
"Gestionnaire de Stock (H/F) | Casablanca (Maroc)",https://www.rekrute.com/offre-emploi-gestionnaire-de-stock-hf-recrutement-confidentiel-casablanca-176841.html,"","","05/11/2025","05/01/2026","2"
"Chargé Marketing et Qualité El Jadida | El Jadida (Maroc)",https://www.rekrute.com/offre-emploi-charge-marketing-et-qualite-el-jadida-recrutement-meski-invest---riva-industries-el-jadida-176840.html,"","","05/11/2025","05/01/2026","1"
"Commercial Terrain B2B (Casablanca) | Casablanca-Settat, Maroc (Maroc)",https://www.rekrute.com/offre-emploi-commercial-terrain-b2b-casablanca-recrutement-manpower-agences-casablanca-settat-maroc-176838.html,"","","05/11/2025","05/01/2026","1"
"Gestionnaire en Assurance | Marrakech (Maroc)",https://www.rekrute.com/offre-emploi-gestionnaire-en-assurance-recrutement-royale-marocaine-dassurance-marrakech-176832.html,"","","04/11/2025","04/01/2026","04/01/2026"
"Ingénieur en support IT (H/F) | Casablanca (Maroc)",https://www.rekrute.com/offre-emploi-ingenieur-en-support-it-hf-recrutement-sofrecom-maroc-casablanca-176830.html,"","","04/11/2025","04/01/2026","04/01/2026"
"Mechanical lead | Kénitra (Maroc)",https://www.rekrute.com/offre-emploi-mechanical-lead-recrutement-domino-hr-morocco-kenitra-176829.html,"","","04/11/2025","04/01/2026","1"
"Commercial | Tout le Maroc (Maroc)",https://www.rekrute.com/offre-emploi-commercial-recrutement-confidentiel-tout-le-maroc-176821.html,"","","04/11/2025","04/01/2026","04/01/2026"
"Operations Manager Anglophone Meknes | Casablanca (Maroc)",https://www.rekrute.com/offre-emploi-operations-manager-anglophone-meknes-recrutement-intelcia-casablanca-176820.html,"","","04/11/2025","03/01/2026","1"
"Ingénieur Système | Casablanca/Fès (Maroc)",https://www.rekrute.com/offre-emploi-ingenieur-systeme-recrutement-capgemini-engineering-casablancafes-176814.html,"","","04/11/2025","04/01/2026","4"
"Buscamos un jefe de equipo para nuestro proyecto de atención al cliente - Tanger | Tanger (Maroc)",https://www.rekrute.com/offre-emploi-buscamos-un-jefe-de-equipo-para-nuestro-proyecto-de-atencion-al-cliente---tanger-recrutement-foundever-ex-sitel-group-tanger-176812.html,"","","04/11/2025","04/01/2026","1"
"Contrôleur Interne Sénior H/F | Agadir (Maroc)",https://www.rekrute.com/offre-emploi-controleur-interne-senior-hf-recrutement-groupe-azura-agadir-176811.html,"","","04/11/2025","04/01/2026","1"
"Auditeur Interne Senior H/F | Agadir (Maroc)",https://www.rekrute.com/offre-emploi-auditeur-interne-senior-hf-recrutement-groupe-azura-agadir-176810.html,"","","04/11/2025","04/01/2026","2"
"Ingénieur génie industriel anglophone | Casablanca (Maroc)",https://www.rekrute.com/offre-emploi-ingenieur-genie-industriel-anglophone-recrutement-confidentiel-casablanca-176809.html,"","","04/11/2025","04/01/2026","1"
"Chef de Département RH Magasin | Casablanca et périphérie (Maroc)",https://www.rekrute.com/offre-emploi-chef-de-departement-rh-magasin-recrutement-groupe-labelvie---carrefour-casablanca-et-peripherie-176808.html,"","","04/11/2025","04/01/2026","1"
"Ingénieur travaux principal | Tout le Maroc (Maroc)",https://www.rekrute.com/offre-emploi-ingenieur-travaux-principal-recrutement-sogea-maroc-tout-le-maroc-176799.html,"","","04/11/2025","04/01/2026","2"
"IT & AI Officer | Kénitra (Maroc)",https://www.rekrute.com/offre-emploi-it-ai-officer-recrutement-domino-hr-morocco-kenitra-176313.html,"","","04/11/2025","20/12/2025","1"
"Planner Production H/F | Casablanca (Maroc)",https://www.rekrute.com/offre-emploi-planner-production-hf-recrutement-domino-hr-morocco-casablanca-176798.html,"","","04/11/2025","04/01/2026","1"
"Chargé commercial | Fès (Maroc)",https://www.rekrute.com/offre-emploi-charge-commercial-recrutement-alten-maroc-fes-176797.html,"","","04/11/2025","04/01/2026","1"
"Chargé commercial Junior | Fès (Maroc)",https://www.rekrute.com/offre-emploi-charge-commercial-junior-recrutement-alten-maroc-fes-176796.html,"","","04/11/2025","04/01/2026","5"
"Conseiller d'entretien | Tanger (Maroc)",https://www.rekrute.com/offre-emploi-conseiller-dentretien-recrutement-campus-france-tanger-176795.html,"","","04/11/2025","04/01/2026","20"
"Technicien RFID | Tanger (Maroc)",https://www.rekrute.com/offre-emploi-technicien-rfid-recrutement-manpower-agences-tanger-176015.html,"","","04/11/2025","09/12/2025","09/12/2025"
"Annonce de recrutement : Assistant Trésorerie (H/F) sidi maarouf | Casablanca (Maroc)",https://www.rekrute.com/offre-emploi-annonce-de-recrutement-assistant-tresorerie-hf-sidi-maarouf-recrutement-manpower-agences-casablanca-176794.html,"","","04/11/2025","04/01/2026","1"
"Consultant Expérimenté Organisation et Tech Adoption F/H | Casablanca (Maroc)",https://www.rekrute.com/offre-emploi-consultant-experimente-organisation-et-tech-adoption-fh-recrutement-deloitte-extended-services-casablanca-176792.html,"","","04/11/2025","04/01/2026","3"
"Transformation & Change consultant (H/F) | Casablanca (Maroc)",https://www.rekrute.com/offre-emploi-transformation-change-consultant-hf-recrutement-deloitte-extended-services-casablanca-176789.html,"","","04/11/2025","04/01/2026","3"
"Consultante(e) EPM/Anaplan | Casablanca (Maroc)",https://www.rekrute.com/offre-emploi-consultantee-epmanaplan-recrutement-deloitte-extended-services-casablanca-176786.html,"","","04/11/2025","04/01/2026","3"
"Agent de Support Administratif et Conformité - Freelance ou CDD Ref. 006361 | Casablanca (Maroc)",https://www.rekrute.com/offre-emploi-agent-de-support-administratif-et-conformite---freelance-ou-cdd-ref.-006361-recrutement-novancy-casablanca-176784.html,"","","04/11/2025","04/01/2026","1"
"Lead Buyer Moyens Généraux & Prestations H/F | Agadir (Maroc)",https://www.rekrute.com/offre-emploi-lead-buyer-moyens-generaux-prestations-hf-recrutement-groupe-azura-agadir-176782.html,"","","04/11/2025","04/01/2026","1"
"Cadre Comptable | Casablanca (Maroc)",https://www.rekrute.com/offre-emploi-cadre-comptable-recrutement-vinci-energies-afrique-de-louest-casablanca-176781.html,"","","04/11/2025","04/01/2026","1"
"Manager de Rayon EPCS (Electroménager et Multimédia) - Expérience Exigée en Electroménager | Tanger (Maroc)",https://www.rekrute.com/offre-emploi-manager-de-rayon-epcs-electromenager-et-multimedia---experience-exigee-en-electromenager-recrutement-groupe-labelvie---carrefour-tanger-176779.html,"","","04/11/2025","04/01/2026","3"
"Contrôleur de Gestion | Agadir (Maroc)",https://www.rekrute.com/offre-emploi-controleur-de-gestion-recrutement-groupe-labelvie---carrefour-agadir-176777.html,"","","04/11/2025","04/01/2026","1"
"Contrôleur de Gestion | Tanger (Maroc)",https://www.rekrute.com/offre-emploi-controleur-de-gestion-recrutement-groupe-labelvie---carrefour-tanger-176776.html,"","","04/11/2025","04/01/2026","1"
"Chargé – Pilotage et Coordination des Projets SI | Rabat (Maroc)",https://www.rekrute.com/offre-emploi-charge-pilotage-et-coordination-des-projets-si-recrutement-societe-de-developpement-des-services-publics-de-distribution-rabat-176773.html,"","","03/11/2025","03/01/2026","1"
"Back Office | Casablanca (Maroc)",https://www.rekrute.com/offre-emploi-back-office-recrutement-atlas-capital-casablanca-176770.html,"","","03/11/2025","03/01/2026","1"
"Assistante de Direction & Office Manager H/F | Casablanca (Maroc)",https://www.rekrute.com/offre-emploi-assistante-de-direction-office-manager-hf-recrutement-adenia-casablanca-176769.html,"","","03/11/2025","03/01/2026","1"
"Directeur commercial | Casablanca (Maroc)",https://www.rekrute.com/offre-emploi-directeur-commercial-recrutement-confidentiel-casablanca-176771.html,"","","03/11/2025","03/01/2026","1"
"Responsable Marketing Groupe | Rabat (Maroc)",https://www.rekrute.com/offre-emploi-responsable-marketing-groupe-recrutement-clinique-la-vallee-rabat-176767.html,"","","03/11/2025","03/01/2026","1"
"Technicien Support IT H/F | Agadir (Maroc)",https://www.rekrute.com/offre-emploi-technicien-support-it-hf-recrutement-groupe-azura-agadir-176766.html,"","","03/11/2025","03/01/2026","1"
"Technicien Support IT H/F | Dakhla (Maroc)",https://www.rekrute.com/offre-emploi-technicien-support-it-hf-recrutement-groupe-azura-dakhla-176765.html,"","","03/11/2025","03/01/2026","1"
"Chef des ventes | Béni Mellal (Maroc)",https://www.rekrute.com/offre-emploi-chef-des-ventes-recrutement-meski-invest---riva-industries-beni-mellal-176764.html,"","","03/11/2025","03/01/2026","1"
"Administration des ventes Sidi Maarouf Casablanca | Sidi Maarouf Casablanca (Maroc)",https://www.rekrute.com/offre-emploi-administration-des-ventes-sidi-maarouf-casablanca-recrutement-od-services-sidi-maarouf-casablanca-176763.html,"","","03/11/2025","03/01/2026","2"
"Chef des ventes | El Jadida (Maroc)",https://www.rekrute.com/offre-emploi-chef-des-ventes-recrutement-meski-invest---riva-industries-el-jadida-176762.html,"","","03/11/2025","03/01/2026","2"
"Chef de produit | Casablanca (Maroc)",https://www.rekrute.com/offre-emploi-chef-de-produit-recrutement-akwa-group-casablanca-176760.html,"","","03/11/2025","03/01/2026","03/01/2026"
"Lead Buyer Infrastructures & Ouvrages H/F | Agadir (Maroc)",https://www.rekrute.com/offre-emploi-lead-buyer-infrastructures-ouvrages-hf-recrutement-groupe-azura-agadir-176759.html,"","","03/11/2025","03/01/2026","1"
"Commercial / Animateur des ventes terrain / déplacement en moto | Casablanca (Maroc)",https://www.rekrute.com/offre-emploi-commercial-animateur-des-ventes-terrain-deplacement-en-moto-recrutement-manpower-agences-casablanca-176758.html,"","","03/11/2025","03/01/2026","1"
"Responsable des Opérations Livraison H/F | Meknès (Maroc)",https://www.rekrute.com/offre-emploi-responsable-des-operations-livraison-hf-recrutement-confidentiel-meknes-176756.html,"","","03/11/2025","03/01/2026","03/01/2026"
"Digital Pricing Coordinator | Rabat (Maroc)",https://www.rekrute.com/offre-emploi-digital-pricing-coordinator-recrutement-cnexia-tech-rabat-176755.html,"","","03/11/2025","03/01/2026","1"
"Consultant(e) Cybersécurité Confirmé(e) | MAROC (Maroc)",https://www.rekrute.com/offre-emploi-consultante-cybersecurite-confirmee-recrutement-domino-hr-morocco-maroc-176754.html,"","","03/11/2025","03/01/2026","1"
"Infographiste - Stagiaire | Marrakech (Maroc)",https://www.rekrute.com/offre-emploi-infographiste---stagiaire-recrutement-es-saadi-marrakech-resort-marrakech-176753.html,"","","03/11/2025","03/01/2026","1"
"Conseillers en réception d'appels - Service client - H/F | Casablanca (Maroc)",https://www.rekrute.com/offre-emploi-conseillers-en-reception-dappels---service-client---hf-recrutement-tersea-casablanca-176463.html,"","","03/11/2025","23/12/2025","15"
"Contrôleur de Gestion | Casablanca (Maroc)",https://www.rekrute.com/offre-emploi-controleur-de-gestion-recrutement-bank-assafa-casablanca-176748.html,"","","03/11/2025","03/01/2026","1"
"Chef de Partie Pâtisserie - SHBM - Benguerir | Benguerir (Maroc)",https://www.rekrute.com/offre-emploi-chef-de-partie-patisserie---shbm---benguerir-recrutement-um6p---universite-mohammed-vi-polytechnique-benguerir-176745.html,"","","03/11/2025","03/01/2026","1"
"Technicien en froid et climatisation francophone (H/F) | Casablanca (Maroc)",https://www.rekrute.com/offre-emploi-technicien-en-froid-et-climatisation-francophone-hf-recrutement-maroc-climate-and-security-mcs---carrier-casablanca-176744.html,"","","03/11/2025","03/01/2026","2"
"Chargé(e) Showroom | Bouskoura (Maroc)",https://www.rekrute.com/offre-emploi-chargee-showroom-recrutement-pyxel-bouskoura-176743.html,"","","03/11/2025","03/01/2026","03/01/2026"
"Responsable des Ressources Humaines (H/F) | Casablanca (Maroc)",https://www.rekrute.com/offre-emploi-responsable-des-ressources-humaines-hf-recrutement-confidentiel-casablanca-176742.html,"","","03/11/2025","03/01/2026","1"
"Agent d'accueil / Réception | Casablanca (Maroc)",https://www.rekrute.com/offre-emploi-agent-daccueil-reception-recrutement-confidentiel-casablanca-176741.html,"","","03/11/2025","03/01/2026","1"
"Responsable Commercial (H/F) | Casablanca / Settat / Agadir (Maroc)",https://www.rekrute.com/offre-emploi-responsable-commercial-hf-recrutement-confidentiel-casablanca-settat-agadir-176526.html,"","","03/11/2025","27/12/2025","2"
"Engineering Senior Specialist | Kénitra (Maroc)",https://www.rekrute.com/offre-emploi-engineering-senior-specialist-recrutement-yazaki-morocco-kenitra-176303.html,"","","03/11/2025","20/12/2025","1"
"Receptionist & Travel Coordinator | Meknès (Maroc)",https://www.rekrute.com/offre-emploi-receptionist-travel-coordinator-recrutement-yazaki-morocco-meknes-176017.html,"","","03/11/2025","09/12/2025","1"
"Consultant(e) Approvisionneur(e) | Tétouan (Maroc)",https://www.rekrute.com/offre-emploi-consultante-approvisionneure-recrutement-alten-maroc-tetouan-176734.html,"","","03/11/2025","03/01/2026","03/01/2026"
"Order Scheduler | Tétouan (Maroc)",https://www.rekrute.com/offre-emploi-order-scheduler-recrutement-alten-maroc-tetouan-176733.html,"","","03/11/2025","03/01/2026","03/01/2026"
"Chargé de Support Informatique - proximité Informatique Industrielle Ref. 006347 | Casablanca (Maroc)",https://www.rekrute.com/offre-emploi-charge-de-support-informatique---proximite-informatique-industrielle-ref.-006347-recrutement-novancy-casablanca-176605.html,"","","03/11/2025","28/12/2025","1"
"Concepteur Outillage 2D / 3D expérimenté H/F | Rabat (Maroc)",https://www.rekrute.com/offre-emploi-concepteur-outillage-2d-3d-experimente-hf-recrutement-alten-maroc-rabat-176732.html,"","","03/11/2025","03/01/2026","03/01/2026"
"IT Developer – Python / MATLAB – Secteur Automobile H/F | Fès (Maroc)",https://www.rekrute.com/offre-emploi-it-developer-python-matlab-secteur-automobile-hf-recrutement-alten-maroc-fes-176731.html,"","","03/11/2025","03/01/2026","03/01/2026"
"Responsable méthode Ferroviaire H/F | Rabat (Maroc)",https://www.rekrute.com/offre-emploi-responsable-methode-ferroviaire-hf-recrutement-alten-maroc-rabat-176730.html,"","","03/11/2025","03/01/2026","03/01/2026"
"Channel Manager - GMS | Bouskoura (Maroc)",https://www.rekrute.com/offre-emploi-channel-manager---gms-recrutement-foods-and-goods-bouskoura-176729.html,"","","03/11/2025","03/01/2026","1"
"Brand Manager (H/F) - Sales & Marketing | Bouskoura (Maroc)",https://www.rekrute.com/offre-emploi-brand-manager-hf---sales-marketing-recrutement-foods-and-goods-bouskoura-176727.html,"","","03/11/2025","03/01/2026","1"
"Foundever recrute des conseillers clients fr pour un leader du secteur informatique canadien | Casablanca (Maroc)",https://www.rekrute.com/offre-emploi-foundever-recrute-des-conseillers-clients-fr-pour-un-leader-du-secteur-informatique-canadien-recrutement-foundever-ex-sitel-group-casablanca-176085.html,"","","03/11/2025","13/12/2025","10"
"Réceptionniste Spa | Marrakech (Maroc)",https://www.rekrute.com/offre-emploi-receptionniste-spa-recrutement-es-saadi-marrakech-resort-marrakech-176492.html,"","","01/11/2025","24/12/2025","2"
"Chef de rang / Demi Chef de rang / Commis de rang | Marrakech (Maroc)",https://www.rekrute.com/offre-emploi-chef-de-rang-demi-chef-de-rang-commis-de-rang-recrutement-es-saadi-marrakech-resort-marrakech-176725.html,"","","01/11/2025","01/01/2026","2"
"Commis de cuisine | Marrakech (Maroc)",https://www.rekrute.com/offre-emploi-commis-de-cuisine-recrutement-es-saadi-marrakech-resort-marrakech-176724.html,"","","01/11/2025","01/01/2026","2"
"Chef de partie | Marrakech (Maroc)",https://www.rekrute.com/offre-emploi-chef-de-partie-recrutement-es-saadi-marrakech-resort-marrakech-176721.html,"","","01/11/2025","01/01/2026","2"
"Responsable Boutique (luxe) | Rabat (Maroc)",https://www.rekrute.com/offre-emploi-responsable-boutique-luxe-recrutement-maymana-rabat-176719.html,"","","01/11/2025","01/01/2026","1"
"Controleur de gestion industriel F/H | Casablanca (Maroc)",https://www.rekrute.com/offre-emploi-controleur-de-gestion-industriel-fh-recrutement-safran-nacelles-casablanca-176717.html,"","","31/10/2025","31/12/2025","1"
"Operations Business Process Architect | Benguerir (Maroc)",https://www.rekrute.com/offre-emploi-operations-business-process-architect-recrutement-um6p---universite-mohammed-vi-polytechnique-benguerir-176715.html,"","","31/10/2025","31/12/2025","1"
"Digital Adoption Acceleration Lead | Benguerir (Maroc)",https://www.rekrute.com/offre-emploi-digital-adoption-acceleration-lead-recrutement-um6p---universite-mohammed-vi-polytechnique-benguerir-176714.html,"","","31/10/2025","31/12/2025","1"
"Chargé(e) de fiscalité | Casablanca (Maroc)",https://www.rekrute.com/offre-emploi-chargee-de-fiscalite-recrutement-pwc-casablanca-176710.html,"","","31/10/2025","31/12/2025","1"
"Chef de Projet en Maîtrise d’Ouvrage Déléguée. | Sala al Jadida (Maroc)",https://www.rekrute.com/offre-emploi-chef-de-projet-en-maitrise-douvrage-deleguee.-recrutement-cid-sala-al-jadida-176112.html,"","","31/10/2025","13/12/2025","13/12/2025"
"ExeKutive",https://www.rekrute.com/exek,"","","31/10/2025","31/01/2026","1"
"Urgent à rabat : intégrez notre équipe en tant qu’agent en assurance | Rabat (Maroc)",https://www.rekrute.com/offre-emploi-urgent-a-rabat-integrez-notre-equipe-en-tant-quagent-en-assurance-recrutement-foundever-ex-sitel-group-rabat-176708.html,"","","31/10/2025","31/12/2025","20"
"Métreur Économiste de la Construction (H/F) | Marrakech (Maroc)",https://www.rekrute.com/offre-emploi-metreur-economiste-de-la-construction-hf-recrutement-manpower-agences-marrakech-176707.html,"","","31/10/2025","31/12/2025","1"
"Assistante Technique (H/F) | Marrakech (Maroc)",https://www.rekrute.com/offre-emploi-assistante-technique-hf-recrutement-manpower-agences-marrakech-176706.html,"","","31/10/2025","31/12/2025","1"
"Assistante RH | Casablanca (Maroc)",https://www.rekrute.com/offre-emploi-assistante-rh-recrutement-imacab-casablanca-176705.html,"","","31/10/2025","31/12/2025","1"
"Technico-commercial | Casablanca (Maroc)",https://www.rekrute.com/offre-emploi-technico-commercial-recrutement-imacab-casablanca-176703.html,"","","31/10/2025","31/12/2025","1"
"Consultant Expérimenté Databricks F/H | Casablanca (Maroc)",https://www.rekrute.com/offre-emploi-consultant-experimente-databricks-fh-recrutement-deloitte-extended-services-casablanca-176699.html,"","","31/10/2025","31/12/2025","1"
"Stage Consultant (e) Junior Supply Chain / Achat | Casablanca (Maroc)",https://www.rekrute.com/offre-emploi-stage-consultant-e-junior-supply-chain-achat-recrutement-deloitte-extended-services-casablanca-176697.html,"","","31/10/2025","31/12/2025","2"
"Consultant Expérimenté Cloud Data F/H | Casablanca (Maroc)",https://www.rekrute.com/offre-emploi-consultant-experimente-cloud-data-fh-recrutement-deloitte-extended-services-casablanca-176696.html,"","","31/10/2025","31/12/2025","1"
"Juriste Senior Contentieux Social | Rabat (Maroc)",https://www.rekrute.com/offre-emploi-juriste-senior-contentieux-social-recrutement-fondation-arrawaj-rabat-176694.html,"","","31/10/2025","31/12/2025","1"
"Rejoignez Akwa Group : Candidature Spontanée | Casablanca (Maroc)",https://www.rekrute.com/offre-emploi-rejoignez-akwa-group-candidature-spontanee-recrutement-akwa-group-casablanca-176692.html,"","","31/10/2025","31/12/2025","1"
"Frigoriste francophone (H/F) | Casablanca (Maroc)",https://www.rekrute.com/offre-emploi-frigoriste-francophone-hf-recrutement-maroc-climate-and-security-mcs---carrier-casablanca-176691.html,"","","31/10/2025","31/12/2025","3"
"Brand manager | Casablanca (Maroc)",https://www.rekrute.com/offre-emploi-brand-manager-recrutement-confidentiel-casablanca-176690.html,"","","31/10/2025","31/12/2025","1"
"ExeKutive",https://www.rekrute.com/exek,"","","31/10/2025","31/01/2026","1"
"Directeur Commercial Secteur Énergie | Laâyoune (Maroc)",https://www.rekrute.com/offre-emploi-directeur-commercial-secteur-energie-recrutement-confidentiel-laayoune-176520.html,"","","31/10/2025","27/12/2025","1"
"Directeur Commercial | Casablanca (Maroc)",https://www.rekrute.com/offre-emploi-directeur-commercial-recrutement-confidentiel-casablanca-176687.html,"","","31/10/2025","31/12/2025","1"
"Commercial B2B | Casablanca (Maroc)",https://www.rekrute.com/offre-emploi-commercial-b2b-recrutement-confidentiel-casablanca-176529.html,"","","31/10/2025","27/12/2025","1"
"Spare Parts Sales Specialist – French Market | Témara (Maroc)",https://www.rekrute.com/offre-emploi-spare-parts-sales-specialist-french-market-recrutement-hegelmann-maghreb-temara-176686.html,"","","30/10/2025","30/12/2025","5"
"Freight Forwarders (Hispanophone) | Témara (Maroc)",https://www.rekrute.com/offre-emploi-freight-forwarders-hispanophone-recrutement-hegelmann-maghreb-temara-176685.html,"","","30/10/2025","30/12/2025","10"
"Freight Forwarders | Témara (Maroc)",https://www.rekrute.com/offre-emploi-freight-forwarders-recrutement-hegelmann-maghreb-temara-176684.html,"","","30/10/2025","30/12/2025","10"
"Assistant(e) Achat | Marrakech (Maroc)",https://www.rekrute.com/offre-emploi-assistante-achat-recrutement-es-saadi-marrakech-resort-marrakech-176683.html,"","","30/10/2025","30/12/2025","1"
"Concepteur Développeur PHP (H/F) | Casablanca (Maroc)",https://www.rekrute.com/offre-emploi-concepteur-developpeur-php-hf-recrutement-sofrecom-maroc-casablanca-176673.html,"","","30/10/2025","30/12/2025","30/12/2025"
"Ingénieure/Ingénieur Test Fonctionnel | Casablanca (Maroc)",https://www.rekrute.com/offre-emploi-ingenieureingenieur-test-fonctionnel-recrutement-capgemini-casablanca-176334.html,"","","30/10/2025","20/12/2025","50"
"Architecte Data | Rabat (Maroc)",https://www.rekrute.com/offre-emploi-architecte-data-recrutement-capgemini-rabat-176528.html,"","","30/10/2025","27/12/2025","2"
"Architecte Data | Casablanca (Maroc)",https://www.rekrute.com/offre-emploi-architecte-data-recrutement-capgemini-casablanca-176669.html,"","","30/10/2025","30/12/2025","2"
"Purchasing Specialist | Tanger (Maroc)",https://www.rekrute.com/offre-emploi-purchasing-specialist-recrutement-domino-hr-morocco-tanger-176012.html,"","","30/10/2025","09/12/2025","1"
"Cadre Juriste (H/F) | Casablanca (Maroc)",https://www.rekrute.com/offre-emploi-cadre-juriste-hf-recrutement-confidentiel-casablanca-176667.html,"","","30/10/2025","30/12/2025","1"
"Cadre Comptable et Financier Senior | Rabat (Maroc)",https://www.rekrute.com/offre-emploi-cadre-comptable-et-financier-senior-recrutement-sapst-rabat-176666.html,"","","30/10/2025","30/12/2025","1"
"Financial Controller (CDD) | Rabat (Maroc)",https://www.rekrute.com/offre-emploi-financial-controller-cdd-recrutement-axa-gbs-morocco-rabat-176665.html,"","","30/10/2025","30/12/2025","1"
"Administrateur Infrastructures Centralisées (H/F) | Casablanca (Maroc)",https://www.rekrute.com/offre-emploi-administrateur-infrastructures-centralisees-hf-recrutement-carl-rogers-consulting-casablanca-176662.html,"","","30/10/2025","30/12/2025","1"
"Directeur(trice) pédagogique | Casablanca (Maroc)",https://www.rekrute.com/offre-emploi-directeurtrice-pedagogique-recrutement-groupe-eco-medias-casablanca-176661.html,"","","30/10/2025","30/12/2025","1"
"Operations Manager (Expérience en Call Center) | Casablanca (Maroc)",https://www.rekrute.com/offre-emploi-operations-manager-experience-en-call-center-recrutement-foundever-ex-sitel-group-casablanca-176659.html,"","","30/10/2025","30/12/2025","3"
"Cameraman / Monteur Video (H/F) | Benguerir (Maroc)",https://www.rekrute.com/offre-emploi-cameraman-monteur-video-hf-recrutement-um6p---universite-mohammed-vi-polytechnique-benguerir-176466.html,"","","30/10/2025","30/12/2025","1"
"Senior Scientist in Mechanical Engineering and Energy Systems ACER-CoE (UM6P, Benguerir) | Benguerir (Maroc)",https://www.rekrute.com/offre-emploi-senior-scientist-in-mechanical-engineering-and-energy-systems-acer-coe-um6p-benguerir-recrutement-um6p---universite-mohammed-vi-polytechnique-benguerir-176271.html,"","","30/10/2025","30/12/2025","1"
"Concepteur-Redacteur (H/F) | Benguerir (Maroc)",https://www.rekrute.com/offre-emploi-concepteur-redacteur-hf-recrutement-um6p---universite-mohammed-vi-polytechnique-benguerir-176427.html,"","","30/10/2025","30/12/2025","1"
"Network Engineer M/F | Benguerir (Maroc)",https://www.rekrute.com/offre-emploi-network-engineer-mf-recrutement-um6p---universite-mohammed-vi-polytechnique-benguerir-176499.html,"","","30/10/2025","30/12/2025","1"
"TVA Compliance Associate (H/F) - PwC Tax & Legal Services | Casablanca (Maroc)",https://www.rekrute.com/offre-emploi-tva-compliance-associate-hf---pwc-tax-legal-services-recrutement-pwc-casablanca-176652.html,"","","30/10/2025","30/12/2025","1"
"Collaboration Solutions Specialist (VoIP Cisco) | Benguerir (Maroc)",https://www.rekrute.com/offre-emploi-collaboration-solutions-specialist-voip-cisco-recrutement-um6p---universite-mohammed-vi-polytechnique-benguerir-176500.html,"","","30/10/2025","30/12/2025","1"
"Security Engineer M/F | Benguerir (Maroc)",https://www.rekrute.com/offre-emploi-security-engineer-mf-recrutement-um6p---universite-mohammed-vi-polytechnique-benguerir-176501.html,"","","30/10/2025","30/12/2025","1"
"Capacity Building Manager M/F | Laayoune (Maroc)",https://www.rekrute.com/offre-emploi-capacity-building-manager-mf-recrutement-um6p---universite-mohammed-vi-polytechnique-laayoune-176502.html,"","","30/10/2025","30/12/2025","1"
"Cybersécurité | Casablanca (Maroc)",https://www.rekrute.com/offre-emploi-cybersecurite-recrutement-confidentiel-casablanca-176649.html,"","","30/10/2025","30/12/2025","1"
"Manager Equipements H/F | Casablanca (Maroc)",https://www.rekrute.com/offre-emploi-manager-equipements-hf-recrutement-mcdonalds-maroc-casablanca-176283.html,"","","30/10/2025","17/12/2025","1"
"Assistante Commercial | Meknés (Maroc)",https://www.rekrute.com/offre-emploi-assistante-commercial-recrutement-confidentiel-meknes-176639.html,"","","30/10/2025","30/12/2025","3"
"Agent de recouvrement | Casablanca-Settat, Maroc (Maroc)",https://www.rekrute.com/offre-emploi-agent-de-recouvrement-recrutement-manpower-agences-casablanca-settat-maroc-176638.html,"","","30/10/2025","30/12/2025","1"
"Commercial ( H/F ) | Casablanca (Maroc)",https://www.rekrute.com/offre-emploi-commercial-hf-recrutement-sdk-wood-casablanca-175981.html,"","","30/10/2025","09/12/2025","3"
"Développeur Dynamics CRM | Rabat (Maroc)",https://www.rekrute.com/offre-emploi-developpeur-dynamics-crm-recrutement-alten-maroc-rabat-176637.html,"","","30/10/2025","30/12/2025","1"
"Responsable des Magasins et Gestion de Stocks H/F | Agadir (Maroc)",https://www.rekrute.com/offre-emploi-responsable-des-magasins-et-gestion-de-stocks-hf-recrutement-confidentiel-agadir-176216.html,"","","29/10/2025","16/12/2025","1"
"Comptable (H/F) | casablanca (Maroc)",https://www.rekrute.com/offre-emploi-comptable-hf-recrutement-cac-centrale-automobile-cherifienne-casablanca-176636.html,"","","29/10/2025","29/12/2025","1"
"Comptable fournisseurs | Casablanca (Maroc)",https://www.rekrute.com/offre-emploi-comptable-fournisseurs-recrutement-sotherma-casablanca-176635.html,"","","29/10/2025","29/12/2025","1"
"Data Engineer | Casablanca (Maroc)",https://www.rekrute.com/offre-emploi-data-engineer-recrutement-cac-centrale-automobile-cherifienne-casablanca-176632.html,"","","29/10/2025","29/12/2025","1"
"Stagiaire Key User APS (International Nursery) | Agadir (Maroc)",https://www.rekrute.com/offre-emploi-stagiaire-key-user-aps-international-nursery-recrutement-groupe-azura-agadir-176631.html,"","","29/10/2025","29/12/2025","1"
"Ingenieur en Spectrometrie et Chimie Analytique | Benguerir (Maroc)",https://www.rekrute.com/offre-emploi-ingenieur-en-spectrometrie-et-chimie-analytique-recrutement-um6p---universite-mohammed-vi-polytechnique-benguerir-176628.html,"","","29/10/2025","29/12/2025","1"
"Ingénieur Biomédical H/F | Rabat (Maroc)",https://www.rekrute.com/offre-emploi-ingenieur-biomedical-hf-recrutement-huir---lhopital-universitaire-international-de-rabat-rabat-176353.html,"","","29/10/2025","21/12/2025","1"
"Ingénieur réseau et sécurité (H/ F) | Rabat (Maroc)",https://www.rekrute.com/offre-emploi-ingenieur-reseau-et-securite-h-f-recrutement-confidentiel-rabat-176626.html,"","","29/10/2025","29/12/2025","1"
"Assistant(e) Dentaire H/F | Rabat (Maroc)",https://www.rekrute.com/offre-emploi-assistante-dentaire-hf-recrutement-universite-internationale-de-rabat-uir-rabat-176625.html,"","","29/10/2025","29/12/2025","1"
"Responsable Administratif et Financier (H/F) | Casablanca (Maroc)",https://www.rekrute.com/offre-emploi-responsable-administratif-et-financier-hf-recrutement-confidentiel-casablanca-176624.html,"","","29/10/2025","29/12/2025","4"
"Technicien Spécialisé en Maintenance Informatique | Casablanca (Maroc)",https://www.rekrute.com/offre-emploi-technicien-specialise-en-maintenance-informatique-recrutement-devink-casablanca-176623.html,"","","29/10/2025","29/12/2025","1"
"Account Manager (H/F) | Casablanca (Maroc)",https://www.rekrute.com/offre-emploi-account-manager-hf-recrutement-devink-casablanca-176622.html,"","","29/10/2025","29/12/2025","2"
"Webmaster | Casablanca (Maroc)",https://www.rekrute.com/offre-emploi-webmaster-recrutement-devink-casablanca-176619.html,"","","29/10/2025","29/12/2025","1"
"Infographiste | Casablanca (Maroc)",https://www.rekrute.com/offre-emploi-infographiste-recrutement-devink-casablanca-176618.html,"","","29/10/2025","29/12/2025","1"
"Chargé(e) de recrutement (H/F) | Rabat (Maroc)",https://www.rekrute.com/offre-emploi-chargee-de-recrutement-hf-recrutement-locamed-rabat-176081.html,"","","29/10/2025","13/12/2025","1"
"Annimateur terrain EDM | Casablanca-Settat, Maroc (Maroc)",https://www.rekrute.com/offre-emploi-annimateur-terrain-edm-recrutement-manpower-agences-casablanca-settat-maroc-176616.html,"","","29/10/2025","29/12/2025","1"
"Comptable (H/F) | Casablanca (Maroc)",https://www.rekrute.com/offre-emploi-comptable-hf-recrutement-carl-rogers-consulting-casablanca-176422.html,"","","29/10/2025","22/12/2025","1"
"Consultant Junior en Comptabilité Française (H/F) | Casablanca (Maroc)",https://www.rekrute.com/offre-emploi-consultant-junior-en-comptabilite-francaise-hf-recrutement-pwc-casablanca-176615.html,"","","29/10/2025","29/12/2025","2"
"Logistics Operations Support (M/F) | Casablanca (Maroc)",https://www.rekrute.com/offre-emploi-logistics-operations-support-mf-recrutement-maroc-climate-and-security-mcs---carrier-casablanca-176613.html,"","","29/10/2025","29/12/2025","1"
"Offre de stage : Marketing digital, community manager, communication. | Rabat (Maroc)",https://www.rekrute.com/offre-emploi-offre-de-stage-marketing-digital-community-manager-communication.-recrutement-fondation-arrawaj-rabat-176612.html,"","","29/10/2025","29/12/2025","1"
"Contrôleur de Gestion Senior | Casablanca Nouasser (Maroc)",https://www.rekrute.com/offre-emploi-controleur-de-gestion-senior-recrutement-figeac-aero-maroc-casablanca-nouasser-176230.html,"","","29/10/2025","16/12/2025","1"
"Coordinateur formation et intégration | Casablanca Nouasser (Maroc)",https://www.rekrute.com/offre-emploi-coordinateur-formation-et-integration-recrutement-figeac-aero-maroc-casablanca-nouasser-176337.html,"","","29/10/2025","20/12/2025","1"
"Réceptionniste | Marrakech (Maroc)",https://www.rekrute.com/offre-emploi-receptionniste-recrutement-es-saadi-marrakech-resort-marrakech-176611.html,"","","29/10/2025","29/12/2025","2"
"Night Audit | Marrakech (Maroc)",https://www.rekrute.com/offre-emploi-night-audit-recrutement-es-saadi-marrakech-resort-marrakech-176610.html,"","","29/10/2025","29/12/2025","2"
"Hotesses d'accueil | Marrakech (Maroc)",https://www.rekrute.com/offre-emploi-hotesses-daccueil-recrutement-es-saadi-marrakech-resort-marrakech-176609.html,"","","29/10/2025","29/12/2025","2"
"Service Desk Analyst | Sala al Jadida (Maroc)",https://www.rekrute.com/offre-emploi-service-desk-analyst-recrutement-hcltech-sala-al-jadida-175979.html,"","","29/10/2025","08/12/2025","10"
"Service Desk Analyst (Germanophone) | Rabat (Maroc)",https://www.rekrute.com/offre-emploi-service-desk-analyst-germanophone-recrutement-hcltech-rabat-175980.html,"","","29/10/2025","08/12/2025","3"
"Conseillers en réception d'appels– primes déplafonnées & challenges motivants | Casablanca (Maroc)",https://www.rekrute.com/offre-emploi-conseillers-en-reception-dappels-primes-deplafonnees-challenges-motivants-recrutement-foundever-ex-sitel-group-casablanca-176522.html,"","","29/10/2025","29/12/2025","1"
"Animateur HSE AGADIR | Agadir (Maroc)",https://www.rekrute.com/offre-emploi-animateur-hse-agadir-recrutement-confidentiel-agadir-176608.html,"","","29/10/2025","29/12/2025","1"
"Responsable HSE | Casablanca (Maroc)",https://www.rekrute.com/offre-emploi-responsable-hse-recrutement-confidentiel-casablanca-176607.html,"","","29/10/2025","29/12/2025","1"
"Chef de Projet confirmé en informatique industrielle Ref. 006346 | Casablanca (Maroc)",https://www.rekrute.com/offre-emploi-chef-de-projet-confirme-en-informatique-industrielle-ref.-006346-recrutement-novancy-casablanca-176606.html,"","","28/10/2025","28/12/2025","1"
"Technicien Systèmes d’Information et Numériques Ref. 006349 | Casablanca (Maroc)",https://www.rekrute.com/offre-emploi-technicien-systemes-dinformation-et-numeriques-ref.-006349-recrutement-novancy-casablanca-176604.html,"","","28/10/2025","28/12/2025","1"
"Gestionnaire Back Office | Casablanca (Maroc)",https://www.rekrute.com/offre-emploi-gestionnaire-back-office-recrutement-attijariwafa-bank-casablanca-176603.html,"","","28/10/2025","28/12/2025","1"
"Research Assistant (Data Scientist in ML & Process Optimization for Biomass Valorization) | Benguerir (Maroc)",https://www.rekrute.com/offre-emploi-research-assistant-data-scientist-in-ml-process-optimization-for-biomass-valorization-recrutement-um6p---universite-mohammed-vi-polytechnique-benguerir-176598.html,"","","28/10/2025","28/12/2025","1"
"Ingénieur en Systèmes d’Information (H/F) | Casablanca (Maroc)",https://www.rekrute.com/offre-emploi-ingenieur-en-systemes-dinformation-hf-recrutement-carl-rogers-consulting-casablanca-176601.html,"","","28/10/2025","28/12/2025","1"
"Bioinformatics Research Assistant-2 years CDD | Benguerir (Maroc)",https://www.rekrute.com/offre-emploi-bioinformatics-research-assistant-2-years-cdd-recrutement-um6p---universite-mohammed-vi-polytechnique-benguerir-176599.html,"","","28/10/2025","28/12/2025","1"
"Research Engineer (Phosphate Processing Industry-Hydrometallurgy) | Jorf Lasfar (Maroc)",https://www.rekrute.com/offre-emploi-research-engineer-phosphate-processing-industry-hydrometallurgy-recrutement-um6p---universite-mohammed-vi-polytechnique-jorf-lasfar-176596.html,"","","28/10/2025","28/12/2025","1"
"Process Engineer (Metallurgy & Phosphate Processing Industries) | Jorf Lasfar (Maroc)",https://www.rekrute.com/offre-emploi-process-engineer-metallurgy-phosphate-processing-industries-recrutement-um6p---universite-mohammed-vi-polytechnique-jorf-lasfar-176597.html,"","","28/10/2025","28/12/2025","1"
"Pharmacien (H/F) | Casablanca (Maroc)",https://www.rekrute.com/offre-emploi-pharmacien-hf-recrutement-carl-rogers-consulting-casablanca-176595.html,"","","28/10/2025","28/12/2025","1"
"IT Product Owner | Casablanca (Maroc)",https://www.rekrute.com/offre-emploi-it-product-owner-recrutement-tersea-casablanca-176592.html,"","","28/10/2025","28/12/2025","1"
"Ingénieur maintenance | Kénitra (Maroc)",https://www.rekrute.com/offre-emploi-ingenieur-maintenance-recrutement-confidentiel-kenitra-176590.html,"","","28/10/2025","28/12/2025","28/12/2025"
"Lead Développeur / TECH LEAD | Casablanca (Maroc)",https://www.rekrute.com/offre-emploi-lead-developpeur-tech-lead-recrutement-sol30-casablanca-176061.html,"","","28/10/2025","10/12/2025","1"
"IT Talent Acquisition Sourcer | Rabat (Maroc)",https://www.rekrute.com/offre-emploi-it-talent-acquisition-sourcer-recrutement-cnexia-rabat-176588.html,"","","28/10/2025","28/12/2025","1"
"Stagiaire - Communication & RSE (H/F) | Casablanca (Maroc)",https://www.rekrute.com/offre-emploi-stagiaire---communication-rse-hf-recrutement-groupe-bel-casablanca-176571.html,"","","28/10/2025","28/12/2025","1"
"Responsable Pricing (H/F) | Casablanca (Maroc)",https://www.rekrute.com/offre-emploi-responsable-pricing-hf-recrutement-groupe-labelvie---carrefour-casablanca-176586.html,"","","28/10/2025","28/12/2025","1"
"Chef de département data analytique (H/F) | Casablanca (Maroc)",https://www.rekrute.com/offre-emploi-chef-de-departement-data-analytique-hf-recrutement-groupe-labelvie---carrefour-casablanca-176585.html,"","","28/10/2025","28/12/2025","1"
"¡trabaja en un entorno internacional en tánger con fines de semana libres! | Tanger (Maroc)",https://www.rekrute.com/offre-emploi-trabaja-en-un-entorno-internacional-en-tanger-con-fines-de-semana-libres-recrutement-foundever-ex-sitel-group-tanger-176583.html,"","","28/10/2025","28/12/2025","28/12/2025"
"Juriste Intérimaire (H/F) | Casablanca (Maroc)",https://www.rekrute.com/offre-emploi-juriste-interimaire-hf-recrutement-manpower-agences-casablanca-176582.html,"","","28/10/2025","28/12/2025","3"
"Comptable fournisseurs (Junior) | Casablanca (Maroc)",https://www.rekrute.com/offre-emploi-comptable-fournisseurs-junior-recrutement-pwc-casablanca-176581.html,"","","28/10/2025","28/12/2025","3"
"Architect Expert en Observabilité (F/H) | Rabat (Maroc)",https://www.rekrute.com/offre-emploi-architect-expert-en-observabilite-fh-recrutement-sofrecom-maroc-rabat-176580.html,"","","28/10/2025","28/12/2025","1"
"Acheteur Technique H/F | Had Soualem (Maroc)",https://www.rekrute.com/offre-emploi-acheteur-technique-hf-recrutement-confidentiel-had-soualem-176578.html,"","","28/10/2025","28/12/2025","1"
"Technicien Support – Chargé Clients VIP H/F | Casablanca (Maroc)",https://www.rekrute.com/offre-emploi-technicien-support-charge-clients-vip-hf-recrutement-confidentiel-casablanca-175728.html,"","","28/10/2025","28/12/2025","1"
"Superviseur Caisse H/F | Agadir (Maroc)",https://www.rekrute.com/offre-emploi-superviseur-caisse-hf-recrutement-groupe-labelvie---carrefour-agadir-176575.html,"","","28/10/2025","28/12/2025","4"
"ExeKutive",https://www.rekrute.com/exek,"","","28/10/2025","28/01/2026","1"
"Director – Grounds & Maintenance | Ifrane (Maroc)",https://www.rekrute.com/offre-emploi-director-grounds-maintenance-recrutement-al-akhawayn-university-ifrane-176573.html,"","","28/10/2025","28/12/2025","1"
"Consultant Confirmé F/H - Casablanca | Casablanca (Maroc)",https://www.rekrute.com/offre-emploi-consultant-confirme-fh---casablanca-recrutement-sfm-casablanca-175845.html,"","","28/10/2025","28/12/2025","1"
"AI Engineer / Data Scientist F/H | Casablanca (Maroc)",https://www.rekrute.com/offre-emploi-ai-engineer-data-scientist-fh-recrutement-deloitte-extended-services-casablanca-176570.html,"","","28/10/2025","28/12/2025","28/12/2025"
"Data Engineer expérimenté F/H | Casablanca (Maroc)",https://www.rekrute.com/offre-emploi-data-engineer-experimente-fh-recrutement-deloitte-extended-services-casablanca-176569.html,"","","28/10/2025","28/12/2025","1"
"Gestionnaire facturation et recouvrement | Casablanca (Maroc)",https://www.rekrute.com/offre-emploi-gestionnaire-facturation-et-recouvrement-recrutement-pwc-casablanca-176568.html,"","","27/10/2025","27/12/2025","27/12/2025"
"Assistante Recouvrement / Saisie Comptable | Bouskoura (Maroc)",https://www.rekrute.com/offre-emploi-assistante-recouvrement-saisie-comptable-recrutement-foods-and-goods-bouskoura-176567.html,"","","27/10/2025","27/12/2025","2"
"Adjoint Responsable Maintenance et Utilités H/F | Agadir (Maroc)",https://www.rekrute.com/offre-emploi-adjoint-responsable-maintenance-et-utilites-hf-recrutement-groupe-azura-agadir-176430.html,"","","27/10/2025","22/12/2025","1"
"Chargé de pricing (H/F) | Casablanca (Maroc)",https://www.rekrute.com/offre-emploi-charge-de-pricing-hf-recrutement-groupe-labelvie---carrefour-casablanca-176566.html,"","","27/10/2025","27/12/2025","1"
"Opératrice de saisie et veille GMAO | Meknès (Maroc)",https://www.rekrute.com/offre-emploi-operatrice-de-saisie-et-veille-gmao-recrutement-confidentiel-meknes-176564.html,"","","27/10/2025","27/12/2025","1"
"Chargé(e) de Facturation Clients – Expérience dans le Secteur Français Exigée | Casablanca (Maroc)",https://www.rekrute.com/offre-emploi-chargee-de-facturation-clients-experience-dans-le-secteur-francais-exigee-recrutement-manpower-agences-casablanca-174414.html,"","","27/10/2025","27/12/2025","5"
"SALES DEVELOPMENT REPRESENTATIVE | Casablanca (Maroc)",https://www.rekrute.com/offre-emploi-sales-development-representative-recrutement-manpower-agences-casablanca-176561.html,"","","27/10/2025","27/12/2025","2"
"Stagiaire en formation (F/H) | Rabat - Casablance (Maroc)",https://www.rekrute.com/offre-emploi-stagiaire-en-formation-fh-recrutement-sofrecom-maroc-rabat---casablance-176342.html,"","","27/10/2025","21/12/2025","2"
"Commercial Terrain B2B | Meknès (Maroc)",https://www.rekrute.com/offre-emploi-commercial-terrain-b2b-recrutement-manpower-agences-meknes-176555.html,"","","27/10/2025","27/12/2025","1"
"QA Automation Engineer | Rabat (Maroc)",https://www.rekrute.com/offre-emploi-qa-automation-engineer-recrutement-cnexia-tech-rabat-176547.html,"","","27/10/2025","27/12/2025","1"
"Stagiaire en administration RH (H-F) Casablanca | Casablanca (Maroc)",https://www.rekrute.com/offre-emploi-stagiaire-en-administration-rh-h-f-casablanca-recrutement-cnexia-casablanca-176546.html,"","","27/10/2025","27/12/2025","27/12/2025"
"Directeur F&B - Palace | Marrakech (Maroc)",https://www.rekrute.com/offre-emploi-directeur-fb---palace-recrutement-confidentiel-marrakech-176543.html,"","","27/10/2025","27/12/2025","1"
"Assistant Achat Import (H/F) | Zone Industrielle Sapino Nouaceur (Maroc)",https://www.rekrute.com/offre-emploi-assistant-achat-import-hf-recrutement-confidentiel-zone-industrielle-sapino-nouaceur-176540.html,"","","27/10/2025","27/12/2025","2"
"Ingénieur Technico Commercial Bilingue (H/F) | Casablanca, Nouaceur (Maroc)",https://www.rekrute.com/offre-emploi-ingenieur-technico-commercial-bilingue-hf-recrutement-structural-aerospace-morocco-aviagroup-casablanca-nouaceur-176402.html,"","","27/10/2025","24/12/2025","1"
"Juriste Droit des Affaires & des Sociétes H/F | Casablanca / Rabat (Maroc)",https://www.rekrute.com/offre-emploi-juriste-droit-des-affaires-des-societes-hf-recrutement-legacy-casablanca-rabat-176539.html,"","","27/10/2025","27/12/2025","1"
"Juriste Droit des Affaires & des Sociétes H/F | Casablanca (Maroc)",https://www.rekrute.com/offre-emploi-juriste-droit-des-affaires-des-societes-hf-recrutement-legacy-casablanca-176538.html,"","","27/10/2025","27/12/2025","1"
"Chef Comptable (H/F) | Rabat (Maroc)",https://www.rekrute.com/offre-emploi-chef-comptable-hf-recrutement-locamed-rabat-176179.html,"","","27/10/2025","15/12/2025","1"
"Responsable Magasin Adjoint (H/F) - Tout le Maroc | Casablanca (Maroc)",https://www.rekrute.com/offre-emploi-responsable-magasin-adjoint-hf---tout-le-maroc-recrutement-groupe-labelvie---carrefour-casablanca-176527.html,"","","27/10/2025","27/12/2025","10"
"Attaché commercial | Marrakech-Safi, Maroc (Maroc)",https://www.rekrute.com/offre-emploi-attache-commercial-recrutement-manpower-agences-marrakech-safi-maroc-176525.html,"","","27/10/2025","27/12/2025","1"
"Ingénieur Diagnostic Automobile (H/F) - Rabat | Rabat (Maroc)",https://www.rekrute.com/offre-emploi-ingenieur-diagnostic-automobile-hf---rabat-recrutement-afd.tech-rabat-176404.html,"","","27/10/2025","22/12/2025","20"
"Cabin Crew - Relocation to Dubai | Dubai (Émirats Arabes Unis)",https://www.rekrute.com/offre-emploi-cabin-crew---relocation-to-dubai-recrutement-emirates-airlines-dubai-176523.html,"","","27/10/2025","27/12/2025","800"
"Responsable Administratif(ve) | Casablanca (Maroc)",https://www.rekrute.com/offre-emploi-responsable-administratifve-recrutement-wow7h24-casablanca-176521.html,"","","27/10/2025","27/12/2025","1"
"Ingénieur Travaux (Anglophone) | Casablanca (Maroc)",https://www.rekrute.com/offre-emploi-ingenieur-travaux-anglophone-recrutement-cac-centrale-automobile-cherifienne-casablanca-176031.html,"","","27/10/2025","10/12/2025","1"
"Responsable Système d'information | Meknès (Maroc)",https://www.rekrute.com/offre-emploi-responsable-systeme-dinformation-recrutement-confidentiel-meknes-176069.html,"","","24/10/2025","11/12/2025","1"
"ExeKutive",https://www.rekrute.com/exek,"","","24/10/2025","09/01/2026","1"
"Chargé(e) de facturation | CASABLANCA (Maroc)",https://www.rekrute.com/offre-emploi-chargee-de-facturation-recrutement-claes-medical-service-casablanca-176518.html,"","","24/10/2025","24/12/2025","1"
"comptable (H/F) | Béni Mellal (Maroc)",https://www.rekrute.com/offre-emploi-comptable-hf-recrutement-manpower-agences-beni-mellal-176513.html,"","","24/10/2025","24/12/2025","1"
"Ingénieur DevOps (F/H) | Rabat (Maroc)",https://www.rekrute.com/offre-emploi-ingenieur-devops-fh-recrutement-sofrecom-maroc-rabat-176512.html,"","","24/10/2025","24/12/2025","1"
"Consultant Salesforce Marketing Cloud (H-F) | Casablanca (Maroc)",https://www.rekrute.com/offre-emploi-consultant-salesforce-marketing-cloud-h-f-recrutement-deloitte-extended-services-casablanca-176511.html,"","","24/10/2025","24/12/2025","3"
"Développeur Shopify (H-F) | Casablanca (Maroc)",https://www.rekrute.com/offre-emploi-developpeur-shopify-h-f-recrutement-deloitte-extended-services-casablanca-176510.html,"","","24/10/2025","24/12/2025","3"
"Concepteur Développeur Fullstack (F/H) | Rabat (Maroc)",https://www.rekrute.com/offre-emploi-concepteur-developpeur-fullstack-fh-recrutement-sofrecom-maroc-rabat-176509.html,"","","24/10/2025","24/12/2025","1"
"Responsable d’Agence | Tanger (Maroc)",https://www.rekrute.com/offre-emploi-responsable-dagence-recrutement-confidentiel-tanger-176506.html,"","","24/10/2025","24/12/2025","24/12/2025"
"Réceptionniste – Chargée d’accueil | Casablanca (Maroc)",https://www.rekrute.com/offre-emploi-receptionniste-chargee-daccueil-recrutement-prevas-casablanca-176505.html,"","","24/10/2025","24/12/2025","24/12/2025"
"Executive Assistant – Chargée des Moyens Généraux | Casablanca (Maroc)",https://www.rekrute.com/offre-emploi-executive-assistant-chargee-des-moyens-generaux-recrutement-prevas-casablanca-176504.html,"","","24/10/2025","24/12/2025","24/12/2025"
"Assistante RH (H/F) | Casablanca (Maroc)",https://www.rekrute.com/offre-emploi-assistante-rh-hf-recrutement-domino-hr-morocco-casablanca-176503.html,"","","24/10/2025","24/12/2025","1"
"Comptable - Echellalate | Casablanca (Maroc)",https://www.rekrute.com/offre-emploi-comptable---echellalate-recrutement-domino-hr-morocco-casablanca-176498.html,"","","24/10/2025","24/12/2025","1"
"Contrôleur de Gestion | Fès (Maroc)",https://www.rekrute.com/offre-emploi-controleur-de-gestion-recrutement-groupe-labelvie---carrefour-fes-176496.html,"","","24/10/2025","24/12/2025","1"
"Contrôleur de Gestion | Skhirat (Maroc)",https://www.rekrute.com/offre-emploi-controleur-de-gestion-recrutement-groupe-labelvie---carrefour-skhirat-176495.html,"","","24/10/2025","24/12/2025","1"
"Ingénieur support PHP (H/F) | Casablanca (Maroc)",https://www.rekrute.com/offre-emploi-ingenieur-support-php-hf-recrutement-sofrecom-maroc-casablanca-176494.html,"","","24/10/2025","24/12/2025","24/12/2025"
"Contrôleur de Gestion | Marrakech (Maroc)",https://www.rekrute.com/offre-emploi-controleur-de-gestion-recrutement-groupe-labelvie---carrefour-marrakech-176493.html,"","","24/10/2025","24/12/2025","1"
"Chargé de facturation et gestion administrative (H/F) | Casablanca (Maroc)",https://www.rekrute.com/offre-emploi-charge-de-facturation-et-gestion-administrative-hf-recrutement-sofrecom-maroc-casablanca-176248.html,"","","24/10/2025","17/12/2025","17/12/2025"
"RH Specialist | Tanger (Maroc)",https://www.rekrute.com/offre-emploi-rh-specialist-recrutement-domino-hr-morocco-tanger-176490.html,"","","24/10/2025","24/12/2025","1"
"Commercial terrain B2B | Fès (Maroc)",https://www.rekrute.com/offre-emploi-commercial-terrain-b2b-recrutement-manpower-agences-fes-176489.html,"","","24/10/2025","24/12/2025","1"
"Acheteur Alimentaire Sénior | Casablanca (Maroc)",https://www.rekrute.com/offre-emploi-acheteur-alimentaire-senior-recrutement-groupe-labelvie---carrefour-casablanca-176488.html,"","","24/10/2025","24/12/2025","2"
"Attaché Commercial | Laâyoune (Maroc)",https://www.rekrute.com/offre-emploi-attache-commercial-recrutement-manpower-agences-laayoune-176487.html,"","","24/10/2025","24/12/2025","24/12/2025"
"Contrôleur de Gestion Senior | Had Soualem (Maroc)",https://www.rekrute.com/offre-emploi-controleur-de-gestion-senior-recrutement-best-biscuits-maroc-had-soualem-176486.html,"","","24/10/2025","24/12/2025","1"
"Sales & Supply Support Specialist | Casablanca (Maroc)",https://www.rekrute.com/offre-emploi-sales-supply-support-specialist-recrutement-ikea-maroc-casablanca-176485.html,"","","24/10/2025","24/12/2025","1"
"Chef de département de la croissance des activités partenaires | Rabat (Maroc)",https://www.rekrute.com/offre-emploi-chef-de-departement-de-la-croissance-des-activites-partenaires-recrutement-fondation-arrawaj-rabat-176470.html,"","","23/10/2025","23/12/2025","1"
"Chargé de Recrutement (H/F) | Casablanca (Maroc)",https://www.rekrute.com/offre-emploi-charge-de-recrutement-hf-recrutement-bank-assafa-casablanca-176469.html,"","","23/10/2025","23/12/2025","1"
"Operations Manager Anglophone Meknes | Casablanca (Maroc)",https://www.rekrute.com/offre-emploi-operations-manager-anglophone-meknes-recrutement-intelcia-casablanca-176467.html,"","","23/10/2025","22/12/2025","1"
"Coordinateur ADV Cellule Taxi | Casablanca (Maroc)",https://www.rekrute.com/offre-emploi-coordinateur-adv-cellule-taxi-recrutement-cac-centrale-automobile-cherifienne-casablanca-176465.html,"","","23/10/2025","23/12/2025","1"
"Operations & Customer Service Executive | Casablanca (Maroc)",https://www.rekrute.com/offre-emploi-operations-customer-service-executive-recrutement-confidentiel-casablanca-176464.html,"","","23/10/2025","23/12/2025","4"
"Candidature spontanée | Marrakech (Maroc)",https://www.rekrute.com/offre-emploi-candidature-spontanee-recrutement-es-saadi-marrakech-resort-marrakech-176462.html,"","","23/10/2025","23/12/2025","2"
"Chargé d'affaire - Ingénieur en électricité | Béni Mellal (Maroc)",https://www.rekrute.com/offre-emploi-charge-daffaire---ingenieur-en-electricite-recrutement-manpower-agences-beni-mellal-176461.html,"","","23/10/2025","23/12/2025","1"
"Responsable maintenance | Had Soualem (Maroc)",https://www.rekrute.com/offre-emploi-responsable-maintenance-recrutement-best-biscuits-maroc-had-soualem-176460.html,"","","23/10/2025","23/12/2025","2"
"Acheteur Logiciel IT | Rabat (Maroc)",https://www.rekrute.com/offre-emploi-acheteur-logiciel-it-recrutement-orange-business-rabat-176459.html,"","","23/10/2025","23/12/2025","1"
"Comptable | Bouskoura (Maroc)",https://www.rekrute.com/offre-emploi-comptable-recrutement-pyxel-bouskoura-176457.html,"","","23/10/2025","23/12/2025","1"
"ExeKutive",https://www.rekrute.com/exek,"","","23/10/2025","15/01/2026","1"
"Gestionnaire d’Application Salesforce Service Cloud | Rabat (Maroc)",https://www.rekrute.com/offre-emploi-gestionnaire-dapplication-salesforce-service-cloud-recrutement-alten-maroc-rabat-176455.html,"","","23/10/2025","23/12/2025","1"
"Développeur Dynatrace Engineer | Rabat (Maroc)",https://www.rekrute.com/offre-emploi-developpeur-dynatrace-engineer-recrutement-alten-maroc-rabat-176454.html,"","","23/10/2025","23/12/2025","1"
"Stagiaire Assistant chef de projet Concept & innovation | Skhirat (Maroc)",https://www.rekrute.com/offre-emploi-stagiaire-assistant-chef-de-projet-concept-innovation-recrutement-groupe-labelvie---carrefour-skhirat-176453.html,"","","23/10/2025","23/12/2025","1"
"Chargé de clientèle (H/F) | Oujda (Maroc)",https://www.rekrute.com/offre-emploi-charge-de-clientele-hf-recrutement-manpower-agences-oujda-176448.html,"","","23/10/2025","23/12/2025","1"
"Commercial(e) B2B - Parfaitement Francophon | Casablanca (Maroc)",https://www.rekrute.com/offre-emploi-commerciale-b2b---parfaitement-francophon-recrutement-manpower-agences-casablanca-176447.html,"","","23/10/2025","23/12/2025","1"
"Manager de Rayon Boulangerie-Pâtisserie | Tétouan, Tanger-Tétouan-Al Hoceïma, Maroc (Maroc)",https://www.rekrute.com/offre-emploi-manager-de-rayon-boulangerie-patisserie-recrutement-groupe-labelvie---carrefour-tetouan-tanger-tetouan-al-hoceima-maroc-176446.html,"","","23/10/2025","23/12/2025","1"
"Chef de département risques et contrôle interne | Casablanca (Maroc)",https://www.rekrute.com/offre-emploi-chef-de-departement-risques-et-controle-interne-recrutement-groupe-labelvie---carrefour-casablanca-176445.html,"","","23/10/2025","23/12/2025","1"
"Manager de Rayon APLS (Autres Produits Libre Service) - Expérience en Distribution Exigée | Témara, Rabat-Salé-Kénitra, Maroc (Maroc)",https://www.rekrute.com/offre-emploi-manager-de-rayon-apls-autres-produits-libre-service---experience-en-distribution-exigee-recrutement-groupe-labelvie---carrefour-temara-rabat-sale-kenitra-maroc-176444.html,"","","23/10/2025","23/12/2025","1"
"Community & Content Manager | Casablanca (Maroc)",https://www.rekrute.com/offre-emploi-community-content-manager-recrutement-kitea-group-casablanca-176066.html,"","","23/10/2025","10/12/2025","1"
"Manager de Rayon Epicerie / Biscuiterie | Salé, Rabat-Salé-Kénitra, Maroc (Maroc)",https://www.rekrute.com/offre-emploi-manager-de-rayon-epicerie-biscuiterie-recrutement-groupe-labelvie---carrefour-sale-rabat-sale-kenitra-maroc-176442.html,"","","23/10/2025","23/12/2025","1"
"Business Partner Finance (F/H) | Marrakech (Maroc)",https://www.rekrute.com/offre-emploi-business-partner-finance-fh-recrutement-ib-arome-marrakech-176390.html,"","","23/10/2025","23/12/2025","1"
"Chargé de Portefeuille_SAKNIA | Kénitra (Maroc)",https://www.rekrute.com/offre-emploi-charge-de-portefeuille_saknia-recrutement-fondation-arrawaj-kenitra-176437.html,"","","22/10/2025","22/12/2025","10"
"Designer de Cuisines | Casablanca (Maroc)",https://www.rekrute.com/offre-emploi-designer-de-cuisines-recrutement-confidentiel-casablanca-176436.html,"","","22/10/2025","22/12/2025","1"
"Se necesita gestor de proyectos para nuestro proyecto internacional de vehículos (Spanish speakers). | Tanger (Maroc)",https://www.rekrute.com/offre-emploi-se-necesita-gestor-de-proyectos-para-nuestro-proyecto-internacional-de-vehiculos-spanish-speakers.-recrutement-foundever-ex-sitel-group-tanger-176435.html,"","","22/10/2025","22/12/2025","22/12/2025"
"Business System Analyst Product Owner Anglophone | Sala al Jadida (Maroc)",https://www.rekrute.com/offre-emploi-business-system-analyst-product-owner-anglophone-recrutement-cnexia-tech-sala-al-jadida-176434.html,"","","22/10/2025","22/12/2025","2"
"Attaché commercial (Sidi Maarouf) | Casablanca (Maroc)",https://www.rekrute.com/offre-emploi-attache-commercial-sidi-maarouf-recrutement-manpower-agences-casablanca-176433.html,"","","22/10/2025","22/12/2025","1"
"Attaché Commercial à Nassim | Casablanca (Maroc)",https://www.rekrute.com/offre-emploi-attache-commercial-a-nassim-recrutement-manpower-agences-casablanca-176431.html,"","","22/10/2025","22/12/2025","1"
"Asesor de videojuegos – Habla hispana | Rabat (Pays-Bas)",https://www.rekrute.com/offre-emploi-asesor-de-videojuegos-habla-hispana-recrutement-foundever-ex-sitel-group-rabat-176429.html,"","","22/10/2025","22/12/2025","22/12/2025"
"Stagiaire QHSE - IKEA Zenata | Casablanca (Maroc)",https://www.rekrute.com/offre-emploi-stagiaire-qhse---ikea-zenata-recrutement-ikea-maroc-casablanca-176428.html,"","","22/10/2025","22/12/2025","1"
"Formateur | Benguerir (Maroc)",https://www.rekrute.com/offre-emploi-formateur-recrutement-um6p---universite-mohammed-vi-polytechnique-benguerir-176426.html,"","","22/10/2025","22/12/2025","1"
"Contrôleur(se) de Gestion ( International Nursery) | Chtouka Ait Baha - Agadir (Maroc)",https://www.rekrute.com/offre-emploi-controleurse-de-gestion-international-nursery-recrutement-groupe-azura-chtouka-ait-baha---agadir-176424.html,"","","22/10/2025","22/12/2025","1"
"Chargé de clientèle agence Jawhara (Sidi Moumen) | Casablanca (Maroc)",https://www.rekrute.com/offre-emploi-charge-de-clientele-agence-jawhara-sidi-moumen-recrutement-manpower-agences-casablanca-176423.html,"","","22/10/2025","22/12/2025","1"
"Développeur(se) API/Full Stack / Casablanca à Sidi Maarouf | Casablanca (Maroc)",https://www.rekrute.com/offre-emploi-developpeurse-apifull-stack-casablanca-a-sidi-maarouf-recrutement-od-services-casablanca-175301.html,"","","22/10/2025","10/12/2025","1"
"Responsable Commercial Régional (H/F) | Casablanca (Maroc)",https://www.rekrute.com/offre-emploi-responsable-commercial-regional-hf-recrutement-red-casablanca-176292.html,"","","22/10/2025","19/12/2025","2"
"Consultant support FAI | Fès (Maroc)",https://www.rekrute.com/offre-emploi-consultant-support-fai-recrutement-alten-maroc-fes-176420.html,"","","22/10/2025","22/12/2025","20"
"ÚNETE A NUESTRO EQUIPO INTERNACIONAL - weekend off | Tanger (Maroc)",https://www.rekrute.com/offre-emploi-unete-a-nuestro-equipo-internacional---weekend-off-recrutement-foundever-ex-sitel-group-tanger-176228.html,"","","22/10/2025","16/12/2025","15"
"¡enciende tu pasión por los coches y el mercado internacional! ¡únete a nuestro equipo y aceler | Tanger (Maroc)",https://www.rekrute.com/offre-emploi-enciende-tu-pasion-por-los-coches-y-el-mercado-internacional-unete-a-nuestro-equipo-y-aceler-recrutement-foundever-ex-sitel-group-tanger-176419.html,"","","22/10/2025","22/12/2025","20"
"¡vive tu pasión por la logística y el mercado internacional! ¡únete a nuestro equipo y haz desp | Tanger (Maroc)",https://www.rekrute.com/offre-emploi-vive-tu-pasion-por-la-logistica-y-el-mercado-internacional-unete-a-nuestro-equipo-y-haz-desp-recrutement-foundever-ex-sitel-group-tanger-176418.html,"","","22/10/2025","22/12/2025","20"
"Chargé(e) des ressources humaines | Bouskoura (Maroc)",https://www.rekrute.com/offre-emploi-chargee-des-ressources-humaines-recrutement-pyxel-bouskoura-176417.html,"","","22/10/2025","22/12/2025","1"
"Commercial Prescription | Casablanca (Maroc)",https://www.rekrute.com/offre-emploi-commercial-prescription-recrutement-domino-hr-morocco-casablanca-176414.html,"","","22/10/2025","22/12/2025","1"
"Responsable Partenariats | Rabat (Maroc)",https://www.rekrute.com/offre-emploi-responsable-partenariats-recrutement-fondation-arrawaj-rabat-176413.html,"","","22/10/2025","22/12/2025","1"
"Responsable SIRH | Rabat (Maroc)",https://www.rekrute.com/offre-emploi-responsable-sirh-recrutement-fondation-arrawaj-rabat-176412.html,"","","22/10/2025","22/12/2025","1"
"Responsable Marketing Développement Produits | Rabat (Maroc)",https://www.rekrute.com/offre-emploi-responsable-marketing-developpement-produits-recrutement-fondation-arrawaj-rabat-176411.html,"","","22/10/2025","22/12/2025","1"
"RESPONSABLE RESSOURCES HUMAINES – CASABLANCA | Casablanca (Maroc)",https://www.rekrute.com/offre-emploi-responsable-ressources-humaines-casablanca-recrutement-confidentiel-casablanca-176410.html,"","","22/10/2025","22/12/2025","1"
"Comptable | Chtouka Ait Baha (Maroc)",https://www.rekrute.com/offre-emploi-comptable-recrutement-groupe-azura-chtouka-ait-baha-176386.html,"","","22/10/2025","22/12/2025","1"
"Auditeur Financier Stagiaire PFE (H/F) | Casablanca (Maroc)",https://www.rekrute.com/offre-emploi-auditeur-financier-stagiaire-pfe-hf-recrutement-pwc-casablanca-176409.html,"","","22/10/2025","22/12/2025","22/12/2025"
"Chef de projet Sage X3 | Casablanca (Maroc)",https://www.rekrute.com/offre-emploi-chef-de-projet-sage-x3-recrutement-inetum-casablanca-176408.html,"","","22/10/2025","22/12/2025","22/12/2025"
"Data Manager - Études Cliniques (Pharmaceutique & Cosmétique) H/F | Rabat (Maroc)",https://www.rekrute.com/offre-emploi-data-manager---etudes-cliniques-pharmaceutique-cosmetique-hf-recrutement-alten-maroc-rabat-176407.html,"","","22/10/2025","22/12/2025","22/12/2025"
"Responsable Laboratoire –Industrie | Casablanca (Maroc)",https://www.rekrute.com/offre-emploi-responsable-laboratoire-industrie-recrutement-domino-hr-morocco-casablanca-176406.html,"","","22/10/2025","22/12/2025","1"
"PMO & Coordination SkM NG rollout H/F | Rabat (Maroc)",https://www.rekrute.com/offre-emploi-pmo-coordination-skm-ng-rollout-hf-recrutement-alten-maroc-rabat-176403.html,"","","22/10/2025","22/12/2025","22/12/2025"
"Data Analyst (H/F) | Fès (Maroc)",https://www.rekrute.com/offre-emploi-data-analyst-hf-recrutement-alten-maroc-fes-176401.html,"","","22/10/2025","22/12/2025","22/12/2025"
"Ingénieur chargé d'affaire - Usine (H/F) | Rabat (Maroc)",https://www.rekrute.com/offre-emploi-ingenieur-charge-daffaire---usine-hf-recrutement-alten-maroc-rabat-176400.html,"","","22/10/2025","22/12/2025","22/12/2025"
"Chargé d'affaire automatisation | Rabat (Maroc)",https://www.rekrute.com/offre-emploi-charge-daffaire-automatisation-recrutement-alten-maroc-rabat-176399.html,"","","22/10/2025","22/12/2025","1"
"Chef de Projet Digital & Traffic Manager | Casablanca (Maroc)",https://www.rekrute.com/offre-emploi-chef-de-projet-digital-traffic-manager-recrutement-cac-centrale-automobile-cherifienne-casablanca-176398.html,"","","22/10/2025","22/12/2025","1"
"Account Managers (Junior et Senior) | Casablanca (Maroc)",https://www.rekrute.com/offre-emploi-account-managers-junior-et-senior-recrutement-prevas-casablanca-176397.html,"","","22/10/2025","22/12/2025","22/12/2025"
"Order Scheduler H/F | Rabat (Maroc)",https://www.rekrute.com/offre-emploi-order-scheduler-hf-recrutement-alten-maroc-rabat-176395.html,"","","22/10/2025","22/12/2025","22/12/2025"
"Employer Branding Manager H/F | Rabat (Maroc)",https://www.rekrute.com/offre-emploi-employer-branding-manager-hf-recrutement-alten-maroc-rabat-176394.html,"","","22/10/2025","22/12/2025","22/12/2025"
"Category Manager Junior-Bazar | Casablanca (Maroc)",https://www.rekrute.com/offre-emploi-category-manager-junior-bazar-recrutement-groupe-labelvie---carrefour-casablanca-176393.html,"","","22/10/2025","22/12/2025","1"
"Conseillers de Vente Show Room | Casablanca (Maroc)",https://www.rekrute.com/offre-emploi-conseillers-de-vente-show-room-recrutement-revetou-casablanca-176391.html,"","","21/10/2025","21/12/2025","1"
"Product Marketing Analyst (H-F) | Rabat (Maroc)",https://www.rekrute.com/offre-emploi-product-marketing-analyst-h-f-recrutement-sorec-rabat-176389.html,"","","21/10/2025","21/12/2025","1"
"Coordinateur Opérations e-commerce | Casablanca (Maroc)",https://www.rekrute.com/offre-emploi-coordinateur-operations-e-commerce-recrutement-kitea-group-casablanca-176176.html,"","","21/10/2025","15/12/2025","1"
"Responsable Commercial – Spécialiste des Cuisines H/F | Casablanca (Maroc)",https://www.rekrute.com/offre-emploi-responsable-commercial-specialiste-des-cuisines-hf-recrutement-kitea-group-casablanca-176192.html,"","","21/10/2025","15/12/2025","1"
"Ingénieur d'exploitation (H/F) | Casablanca (Maroc)",https://www.rekrute.com/offre-emploi-ingenieur-dexploitation-hf-recrutement-sofrecom-maroc-casablanca-176385.html,"","","21/10/2025","21/12/2025","21/12/2025"
"Category Manager Junior Épicerie | Casablanca (Maroc)",https://www.rekrute.com/offre-emploi-category-manager-junior-epicerie-recrutement-groupe-labelvie---carrefour-casablanca-176384.html,"","","21/10/2025","21/12/2025","1"
"Category Manager Junior - MDD PGC | Casablanca (Maroc)",https://www.rekrute.com/offre-emploi-category-manager-junior---mdd-pgc-recrutement-groupe-labelvie---carrefour-casablanca-176383.html,"","","21/10/2025","21/12/2025","1"
"Category Manager Junior - Charcuterie/Surgelé | Casablanca (Maroc)",https://www.rekrute.com/offre-emploi-category-manager-junior---charcuteriesurgele-recrutement-groupe-labelvie---carrefour-casablanca-176382.html,"","","21/10/2025","21/12/2025","1"
"Aide Comptable - Ain Atiq | Ain Atiq (Maroc)",https://www.rekrute.com/offre-emploi-aide-comptable---ain-atiq-recrutement-domino-hr-morocco-ain-atiq-176381.html,"","","21/10/2025","21/12/2025","1"
"Responsable Approvisionnement et gestion de stock | Casablanca (Maroc)",https://www.rekrute.com/offre-emploi-responsable-approvisionnement-et-gestion-de-stock-recrutement-domino-hr-morocco-casablanca-176379.html,"","","21/10/2025","21/12/2025","1"
"RESEARCH ASSISTANT IN MATERIALS CHEMISTRY | Benguerir (Maroc)",https://www.rekrute.com/offre-emploi-research-assistant-in-materials-chemistry-recrutement-um6p---universite-mohammed-vi-polytechnique-benguerir-176372.html,"","","21/10/2025","21/12/2025","1"
"Process Engineer | Benguerir (Maroc)",https://www.rekrute.com/offre-emploi-process-engineer-recrutement-um6p---universite-mohammed-vi-polytechnique-benguerir-176373.html,"","","21/10/2025","21/12/2025","1"
"Research Assistant - lithium-ion anodes | Benguerir (Maroc)",https://www.rekrute.com/offre-emploi-research-assistant---lithium-ion-anodes-recrutement-um6p---universite-mohammed-vi-polytechnique-benguerir-176374.html,"","","21/10/2025","21/12/2025","1"
"Research Assistant - lithium sulfur batteries | Benguerir (Maroc)",https://www.rekrute.com/offre-emploi-research-assistant---lithium-sulfur-batteries-recrutement-um6p---universite-mohammed-vi-polytechnique-benguerir-176375.html,"","","21/10/2025","21/12/2025","1"
"Ingenieur de recherche - Metallurgie durable & valorisation des scories | Benguerir (Maroc)",https://www.rekrute.com/offre-emploi-ingenieur-de-recherche---metallurgie-durable-valorisation-des-scories-recrutement-um6p---universite-mohammed-vi-polytechnique-benguerir-176371.html,"","","21/10/2025","21/12/2025","1"
"Responsable Production BPE | Maroc (Maroc)",https://www.rekrute.com/offre-emploi-responsable-production-bpe-recrutement-confidentiel-maroc-176067.html,"","","21/10/2025","10/12/2025","10/12/2025"
"Chef d’agence- Rabat | Rabat (Maroc)",https://www.rekrute.com/offre-emploi-chef-dagence--rabat-recrutement-fondation-arrawaj-rabat-176369.html,"","","21/10/2025","21/12/2025","1"
"Chef D'Agence_Larache - Larache | Larache (Maroc)",https://www.rekrute.com/offre-emploi-chef-dagence_larache---larache-recrutement-fondation-arrawaj-larache-176368.html,"","","21/10/2025","21/12/2025","1"
"Chef D'Agence_Zeghanghane – Nador | Nador (Maroc)",https://www.rekrute.com/offre-emploi-chef-dagence_zeghanghane-nador-recrutement-fondation-arrawaj-nador-176367.html,"","","21/10/2025","21/12/2025","1"
"Chef D'Agence_Boukhalef – Tanger | Tanger (Maroc)",https://www.rekrute.com/offre-emploi-chef-dagence_boukhalef-tanger-recrutement-fondation-arrawaj-tanger-176366.html,"","","21/10/2025","21/12/2025","1"
"Chef D'Agence_Bouskoura - Casablanca | Casablanca (Maroc)",https://www.rekrute.com/offre-emploi-chef-dagence_bouskoura---casablanca-recrutement-fondation-arrawaj-casablanca-176365.html,"","","21/10/2025","21/12/2025","1"
"Chef D'Agence_Deroua - Casablanca | Casablanca (Maroc)",https://www.rekrute.com/offre-emploi-chef-dagence_deroua---casablanca-recrutement-fondation-arrawaj-casablanca-176364.html,"","","21/10/2025","21/12/2025","1"
"Chef D'Agence_Sidi Othmane - Casablanca | Casablanca (Maroc)",https://www.rekrute.com/offre-emploi-chef-dagence_sidi-othmane---casablanca-recrutement-fondation-arrawaj-casablanca-176363.html,"","","21/10/2025","21/12/2025","1"
"Chef D'Agence - Settat | Settat (Maroc)",https://www.rekrute.com/offre-emploi-chef-dagence---settat-recrutement-fondation-arrawaj-settat-176362.html,"","","21/10/2025","21/12/2025","1"
"Chef D'Agence - Marrakech | Marrakech (Maroc)",https://www.rekrute.com/offre-emploi-chef-dagence---marrakech-recrutement-fondation-arrawaj-marrakech-176361.html,"","","21/10/2025","21/12/2025","1"
"Marketing & Content Coordinator | Benguerir (Maroc)",https://www.rekrute.com/offre-emploi-marketing-content-coordinator-recrutement-um6p---universite-mohammed-vi-polytechnique-benguerir-175210.html,"","","21/10/2025","17/12/2025","1"
"Senior HR Business Support Specialist | Casablanca (Maroc)",https://www.rekrute.com/offre-emploi-senior-hr-business-support-specialist-recrutement-xcdm-maroc-casablanca-176360.html,"","","21/10/2025","21/12/2025","1"
"Responsable Excellence Opérationnelle | Casablanca (Maroc)",https://www.rekrute.com/offre-emploi-responsable-excellence-operationnelle-recrutement-perenity-software-casablanca-176359.html,"","","21/10/2025","21/12/2025","1"
"Event & Sales Coordinator - SHBM | Benguerir (Maroc)",https://www.rekrute.com/offre-emploi-event-sales-coordinator---shbm-recrutement-um6p---universite-mohammed-vi-polytechnique-benguerir-176267.html,"","","21/10/2025","17/01/2026","1"
"opérateur machine plieuse couleuse | Bouskoura (Maroc)",https://www.rekrute.com/offre-emploi-operateur-machine-plieuse-couleuse-recrutement-manpower-agences-bouskoura-176358.html,"","","21/10/2025","21/12/2025","1"
"Chef d'équipe Production - Textile automobile | Tanger (Maroc)",https://www.rekrute.com/offre-emploi-chef-dequipe-production---textile-automobile-recrutement-domino-hr-morocco-tanger-176033.html,"","","21/10/2025","10/12/2025","1"
"Tech Lead développeur Python (F/H) | Rabat (Maroc)",https://www.rekrute.com/offre-emploi-tech-lead-developpeur-python-fh-recrutement-sofrecom-maroc-rabat-176357.html,"","","21/10/2025","21/12/2025","1"
"Business Analyst Excellence Commerciale | Casablanca (Maroc)",https://www.rekrute.com/offre-emploi-business-analyst-excellence-commerciale-recrutement-groupe-labelvie---carrefour-casablanca-176356.html,"","","21/10/2025","21/12/2025","1"
"Géologue de Production – Mine à ciel ouvert (Open Pit) - Région Talioune | Talioune (Maroc)",https://www.rekrute.com/offre-emploi-geologue-de-production-mine-a-ciel-ouvert-open-pit---region-talioune-recrutement-aya-gold-silver-talioune-176354.html,"","","21/10/2025","21/12/2025","1"
"Ingénieur réseau & sécurité (F/H) | Rabat (Maroc)",https://www.rekrute.com/offre-emploi-ingenieur-reseau-securite-fh-recrutement-sofrecom-maroc-rabat-176352.html,"","","21/10/2025","21/12/2025","1"
"ExeKutive",https://www.rekrute.com/exek,"","","21/10/2025","15/12/2025","1"
"Assistante de direction | Casablanca (Maroc)",https://www.rekrute.com/offre-emploi-assistante-de-direction-recrutement-confidentiel-casablanca-176351.html,"","","21/10/2025","21/12/2025","1"
"responsable administartif et financier | sidi rahal (Maroc)",https://www.rekrute.com/offre-emploi-responsable-administartif-et-financier-recrutement-manpower-agences-sidi-rahal-176350.html,"","","21/10/2025","21/12/2025","1"
"commerciaux b2b | Casablanca (Maroc)",https://www.rekrute.com/offre-emploi-commerciaux-b2b-recrutement-manpower-agences-casablanca-176348.html,"","","21/10/2025","21/12/2025","1"
"Stagiaire Analyste de la Fraude | Rabat (Maroc)",https://www.rekrute.com/offre-emploi-stagiaire-analyste-de-la-fraude-recrutement-orange-business-rabat-176347.html,"","","21/10/2025","21/12/2025","1"
"Stagiaire support IT (F/H) | Rabat (Maroc)",https://www.rekrute.com/offre-emploi-stagiaire-support-it-fh-recrutement-sofrecom-maroc-rabat-176344.html,"","","21/10/2025","21/12/2025","1"
"Commercial Terrain CHR (Alimentaire & Boissons) | Tout le Maroc (Maroc)",https://www.rekrute.com/offre-emploi-commercial-terrain-chr-alimentaire-boissons-recrutement-foods-and-goods-tout-le-maroc-176343.html,"","","21/10/2025","21/12/2025","1"
"Coordinateur(trice) Commerciale | Bouskoura (Maroc)",https://www.rekrute.com/offre-emploi-coordinateurtrice-commerciale-recrutement-foods-and-goods-bouskoura-176341.html,"","","21/10/2025","21/12/2025","1"
"Team Leader Digital Marketing bilingue FR/EN (H/F) | Casablanca (Maroc)",https://www.rekrute.com/offre-emploi-team-leader-digital-marketing-bilingue-fren-hf-recrutement-maroc-climate-and-security-mcs---carrier-casablanca-176335.html,"","","20/10/2025","20/12/2025","1"
"Stagiaire Pré embauche - Développeur Sage 1000 | Casablanca (Maroc)",https://www.rekrute.com/offre-emploi-stagiaire-pre-embauche---developpeur-sage-1000-recrutement-inetum-casablanca-176333.html,"","","20/10/2025","20/12/2025","3"
"Consultante / Consultant Talend | Casablanca / Rabat (Maroc)",https://www.rekrute.com/offre-emploi-consultante-consultant-talend-recrutement-capgemini-casablanca-rabat-176327.html,"","","20/10/2025","20/12/2025","2"
"Ingénieure/Ingénieur Test Automatisé | Casablanca (Maroc)",https://www.rekrute.com/offre-emploi-ingenieureingenieur-test-automatise-recrutement-capgemini-casablanca-176326.html,"","","20/10/2025","20/12/2025","50"
"Consultante / Consultant Power BI Senior | Casablanca / Rabat (Maroc)",https://www.rekrute.com/offre-emploi-consultante-consultant-power-bi-senior-recrutement-capgemini-casablanca-rabat-176325.html,"","","20/10/2025","20/12/2025","2"
"Manager - Direction Qualité Risques F/H | Casablanca-Settat, Maroc (Maroc)",https://www.rekrute.com/offre-emploi-manager---direction-qualite-risques-fh-recrutement-deloitte-extended-services-casablanca-settat-maroc-176324.html,"","","20/10/2025","20/12/2025","1"
"Ingénieurs Avant-Vente : Solutions Techniques IT/ Audiovisuel/Sécurité Électronique & Électrotechnique | Casablanca (Maroc)",https://www.rekrute.com/offre-emploi-ingenieurs-avant-vente-solutions-techniques-it-audiovisuelsecurite-electronique-electrotechnique-recrutement-alomra-group-casablanca-176278.html,"","","20/10/2025","17/12/2025","4"
"Ingénieure/Ingénieur Azure Data Implémentation | Casablanca / Rabat (Maroc)",https://www.rekrute.com/offre-emploi-ingenieureingenieur-azure-data-implementation-recrutement-capgemini-casablanca-rabat-176322.html,"","","20/10/2025","20/12/2025","2"
"Chargé de portefeuille | Guercif (Maroc)",https://www.rekrute.com/offre-emploi-charge-de-portefeuille-recrutement-fondation-arrawaj-guercif-176321.html,"","","20/10/2025","20/12/2025","3"
"Stagiaires (F/H) | Rabat / Casablanca (Maroc)",https://www.rekrute.com/offre-emploi-stagiaires-fh-recrutement-sofrecom-maroc-rabat-casablanca-176162.html,"","","20/10/2025","28/04/2026","28/04/2026"
"Technicien(ne)s de laboratoire 1 | Benguerir (Maroc)",https://www.rekrute.com/offre-emploi-techniciennes-de-laboratoire-1-recrutement-um6p---universite-mohammed-vi-polytechnique-benguerir-176319.html,"","","20/10/2025","20/12/2025","1"
"Research Assistant Engineer on Mechanical Design and Prototyping | Benguerir (Maroc)",https://www.rekrute.com/offre-emploi-research-assistant-engineer-on-mechanical-design-and-prototyping-recrutement-um6p---universite-mohammed-vi-polytechnique-benguerir-176317.html,"","","20/10/2025","20/12/2025","1"
"Ingenieur de recherche « analyses » | Benguerir (Maroc)",https://www.rekrute.com/offre-emploi-ingenieur-de-recherche-analyses-recrutement-um6p---universite-mohammed-vi-polytechnique-benguerir-176318.html,"","","20/10/2025","20/12/2025","1"
"Manager Contrôle de gestion | casablanca (Maroc)",https://www.rekrute.com/offre-emploi-manager-controle-de-gestion-recrutement-confidentiel-casablanca-176316.html,"","","20/10/2025","20/12/2025","1"
"Délégué médical H/F | Casablanca (Maroc)",https://www.rekrute.com/offre-emploi-delegue-medical-hf-recrutement-locamed-casablanca-176315.html,"","","20/10/2025","20/12/2025","1"
"Responsable SAV | Chtouka Ait Baha - Agadir (Maroc)",https://www.rekrute.com/offre-emploi-responsable-sav-recrutement-groupe-azura-chtouka-ait-baha---agadir-176314.html,"","","20/10/2025","20/12/2025","1"
"Coordinateur(trice) Régional(e) | Tanger (Maroc)",https://www.rekrute.com/offre-emploi-coordinateurtrice-regionale-recrutement-cgem-tanger-176312.html,"","","20/10/2025","20/12/2025","1"
"Contrôleur de Gestion (H/F) | Casablanca (Maroc)",https://www.rekrute.com/offre-emploi-controleur-de-gestion-hf-recrutement-cac-centrale-automobile-cherifienne-casablanca-176311.html,"","","20/10/2025","20/12/2025","1"
"French/English bilingual sales representatives fes | Fes (Maroc)",https://www.rekrute.com/offre-emploi-frenchenglish-bilingual-sales-representatives-fes-recrutement-cnexia-fes-176309.html,"","","20/10/2025","20/12/2025","1"
"Contrôleur de Gestion (H/F) | Agadir, Souss-Massa, Morocco (Maroc)",https://www.rekrute.com/offre-emploi-controleur-de-gestion-hf-recrutement-manpower-agences-agadir-souss-massa-morocco-176307.html,"","","20/10/2025","20/12/2025","20/12/2025"
"Expert Technique JIRA (H/F) | Casablanca (Maroc)",https://www.rekrute.com/offre-emploi-expert-technique-jira-hf-recrutement-cgi-technologies-et-solutions-maroc-casablanca-176306.html,"","","20/10/2025","20/12/2025","1"
"Responsable Logistique de Stock (H/F) | Agadir, Souss-Massa, Morocco (Maroc)",https://www.rekrute.com/offre-emploi-responsable-logistique-de-stock-hf-recrutement-manpower-agences-agadir-souss-massa-morocco-176305.html,"","","20/10/2025","20/12/2025","1"
"Expert Technique .NET (F/H) | Rabat (Maroc)",https://www.rekrute.com/offre-emploi-expert-technique-.net-fh-recrutement-cgi-technologies-et-solutions-maroc-rabat-176131.html,"","","20/10/2025","14/12/2025","1"
"Expert Technique .NET (H/F) | Casablanca (Maroc)",https://www.rekrute.com/offre-emploi-expert-technique-.net-hf-recrutement-cgi-technologies-et-solutions-maroc-casablanca-176132.html,"","","20/10/2025","14/12/2025","1"
"Responsable achats (H/F) | Agadir, Souss-Massa, Morocco (Maroc)",https://www.rekrute.com/offre-emploi-responsable-achats-hf-recrutement-manpower-agences-agadir-souss-massa-morocco-176304.html,"","","20/10/2025","20/12/2025","20/12/2025"
"Commercial(e) Régional(e) | Casablanca (Maroc)",https://www.rekrute.com/offre-emploi-commerciale-regionale-recrutement-confidentiel-casablanca-176089.html,"","","20/10/2025","13/12/2025","1"
"Chargé D'Opérations (Back Office) | Casablanca (Maroc)",https://www.rekrute.com/offre-emploi-charge-doperations-back-office-recrutement-attijariwafa-bank-casablanca-176297.html,"","","20/10/2025","20/12/2025","10"
"Consultant en Audit et Reporting ESG | Casablanca (Maroc)",https://www.rekrute.com/offre-emploi-consultant-en-audit-et-reporting-esg-recrutement-deloitte-extended-services-casablanca-176296.html,"","","20/10/2025","20/12/2025","2"
"Consultant Expérimenté Reporting Consolidé F/H | Casablanca (Maroc)",https://www.rekrute.com/offre-emploi-consultant-experimente-reporting-consolide-fh-recrutement-deloitte-extended-services-casablanca-176295.html,"","","20/10/2025","20/12/2025","2"
"Ingénieur système et storage (H/F) | Casablanca (Maroc)",https://www.rekrute.com/offre-emploi-ingenieur-systeme-et-storage-hf-recrutement-disty-technologies-casablanca-176291.html,"","","19/10/2025","19/12/2025","2"
"Head of Scientific Intelligence & Market Insight | Benguerir (Maroc)",https://www.rekrute.com/offre-emploi-head-of-scientific-intelligence-market-insight-recrutement-um6p---universite-mohammed-vi-polytechnique-benguerir-176290.html,"","","18/10/2025","18/12/2025","1"
"Buscamos un jefe de equipo para nuestro proyecto de atención al cliente. | Tanger (Maroc)",https://www.rekrute.com/offre-emploi-buscamos-un-jefe-de-equipo-para-nuestro-proyecto-de-atencion-al-cliente.-recrutement-foundever-ex-sitel-group-tanger-176287.html,"","","17/10/2025","17/12/2025","2"
"Comptable Senior – Cabinet d’Expertise Comptable | Casablanca (Maroc)",https://www.rekrute.com/offre-emploi-comptable-senior-cabinet-dexpertise-comptable-recrutement-moore-casablanca-casablanca-176124.html,"","","17/10/2025","14/12/2025","2"
"Consultant Comptable (Normes Françaises) | Casablanca (Maroc)",https://www.rekrute.com/offre-emploi-consultant-comptable-normes-francaises-recrutement-moore-casablanca-casablanca-176286.html,"","","17/10/2025","17/12/2025","4"
"Comptable clients (H/M) | Casablanca (Maroc)",https://www.rekrute.com/offre-emploi-comptable-clients-hm-recrutement-maroc-climate-and-security-mcs---carrier-casablanca-176285.html,"","","17/10/2025","17/12/2025","1"
"Consultant (e) Junior : Supply Chain / Achat | Casablanca (Maroc)",https://www.rekrute.com/offre-emploi-consultant-e-junior-supply-chain-achat-recrutement-deloitte-extended-services-casablanca-176284.html,"","","17/10/2025","17/12/2025","17/12/2025"
"asesores de servicio al cliente hispanohablantes ( weekend off ) | Casablanca (Maroc)",https://www.rekrute.com/offre-emploi-asesores-de-servicio-al-cliente-hispanohablantes-weekend-off-recrutement-foundever-ex-sitel-group-casablanca-176282.html,"","","17/10/2025","17/12/2025","17/12/2025"
"Consultant fonctionnel SAP EWM | Casablanca (Maroc)",https://www.rekrute.com/offre-emploi-consultant-fonctionnel-sap-ewm-recrutement-deloitte-extended-services-casablanca-176281.html,"","","17/10/2025","17/12/2025","3"
"Consultant Salesforce H/F | Casablanca (Maroc)",https://www.rekrute.com/offre-emploi-consultant-salesforce-hf-recrutement-deloitte-extended-services-casablanca-176280.html,"","","17/10/2025","17/12/2025","3"
"Commercial Automobile | Rabat (Maroc)",https://www.rekrute.com/offre-emploi-commercial-automobile-recrutement-m-automotiv-rabat-176277.html,"","","17/10/2025","17/12/2025","5"
"Chef Des Ventes | Marrakech (Maroc)",https://www.rekrute.com/offre-emploi-chef-des-ventes-recrutement-manpower-agences-marrakech-176276.html,"","","17/10/2025","17/12/2025","1"
"Operations Manager Anglophone Meknes | Casablanca (Maroc)",https://www.rekrute.com/offre-emploi-operations-manager-anglophone-meknes-recrutement-intelcia-casablanca-176274.html,"","","17/10/2025","16/12/2025","1"
"TEAM LEADER -Neerlandais- | Casablanca (Maroc)",https://www.rekrute.com/offre-emploi-team-leader--neerlandais--recrutement-intelcia-casablanca-176275.html,"","","17/10/2025","16/12/2025","1"
"PMO - Innovation & Gouvernance | Benguerir (Maroc)",https://www.rekrute.com/offre-emploi-pmo---innovation-gouvernance-recrutement-um6p---universite-mohammed-vi-polytechnique-benguerir-176272.html,"","","17/10/2025","17/12/2025","1"
"Office Manager | Benguerir (Maroc)",https://www.rekrute.com/offre-emploi-office-manager-recrutement-um6p---universite-mohammed-vi-polytechnique-benguerir-176273.html,"","","17/10/2025","17/12/2025","1"
"Product Owner | Rabat (Maroc)",https://www.rekrute.com/offre-emploi-product-owner-recrutement-btechnologie-rabat-176269.html,"","","17/10/2025","17/12/2025","1"
"SEO & GEO Specialist | Rabat (Maroc)",https://www.rekrute.com/offre-emploi-seo-geo-specialist-recrutement-cnexia-tech-rabat-176264.html,"","","17/10/2025","17/12/2025","1"
"responsable achat logistique | Mohammédia (Maroc)",https://www.rekrute.com/offre-emploi-responsable-achat-logistique-recrutement-netenergy-mohammedia-176263.html,"","","17/10/2025","17/12/2025","1"
"Commercial Terrain B2B Kenitra | Kénitra, Rabat-Salé-Kénitra, Maroc (Maroc)",https://www.rekrute.com/offre-emploi-commercial-terrain-b2b-kenitra-recrutement-manpower-agences-kenitra-rabat-sale-kenitra-maroc-176261.html,"","","17/10/2025","17/12/2025","1"
"Contrôleur de Gestion | CASABLANCA (Maroc)",https://www.rekrute.com/offre-emploi-controleur-de-gestion-recrutement-winxo-casablanca-176260.html,"","","17/10/2025","17/12/2025","2"
"Commercial Terrain B2B Temara | Témara, Rabat-Salé-Kénitra, Maroc (Maroc)",https://www.rekrute.com/offre-emploi-commercial-terrain-b2b-temara-recrutement-manpower-agences-temara-rabat-sale-kenitra-maroc-176259.html,"","","17/10/2025","17/12/2025","1"
"Auditeur Interne Senior | Casablanca (Maroc)",https://www.rekrute.com/offre-emploi-auditeur-interne-senior-recrutement-winxo-casablanca-176258.html,"","","17/10/2025","17/12/2025","3"
"Délégué Médical (H/F) | Rabat (Maroc)",https://www.rekrute.com/offre-emploi-delegue-medical-hf-recrutement-locamed-rabat-176257.html,"","","17/10/2025","17/12/2025","2"
"Commercial Terrain B2B Tanger | Tanger et périphérie (Maroc)",https://www.rekrute.com/offre-emploi-commercial-terrain-b2b-tanger-recrutement-manpower-agences-tanger-et-peripherie-176254.html,"","","17/10/2025","17/12/2025","1"
"PMO Senior | Casablanca (Maroc)",https://www.rekrute.com/offre-emploi-pmo-senior-recrutement-attijari-payment-processing-casablanca-176245.html,"","","17/10/2025","17/12/2025","1"
"Consultant Expérimenté Oracle Cloud ERP F/H | Casablanca (Maroc)",https://www.rekrute.com/offre-emploi-consultant-experimente-oracle-cloud-erp-fh-recrutement-deloitte-extended-services-casablanca-176244.html,"","","17/10/2025","17/12/2025","3"
"Gestionnaire Juridique, Réglementaire et Risque | Casablanca (Maroc)",https://www.rekrute.com/offre-emploi-gestionnaire-juridique-reglementaire-et-risque-recrutement-attijari-payment-processing-casablanca-176242.html,"","","17/10/2025","17/12/2025","1"
"Chef de Projet Monétique | Casablanca (Maroc)",https://www.rekrute.com/offre-emploi-chef-de-projet-monetique-recrutement-attijari-payment-processing-casablanca-176241.html,"","","17/10/2025","17/12/2025","3"
"Chargé de clientèle/Démarcheur | Casablanca (Maroc)",https://www.rekrute.com/offre-emploi-charge-de-clienteledemarcheur-recrutement-cat-assurance-et-reassurance-casablanca-176239.html,"","","17/10/2025","17/12/2025","2"
"Conseiller client en assurance automobile (service client) | Casablanca (Maroc)",https://www.rekrute.com/offre-emploi-conseiller-client-en-assurance-automobile-service-client-recrutement-tersea-casablanca-176024.html,"","","17/10/2025","09/12/2025","10"
"Conseillers clients en réception d'appels | Casablanca (Maroc)",https://www.rekrute.com/offre-emploi-conseillers-clients-en-reception-dappels-recrutement-tersea-casablanca-176022.html,"","","17/10/2025","09/12/2025","10"
"Coordinateur(trice) Import-Export | Agadir (Maroc)",https://www.rekrute.com/offre-emploi-coordinateurtrice-import-export-recrutement-manpower-agences-agadir-176236.html,"","","16/10/2025","16/12/2025","1"
"Coordinateur de projet | CASABLANCA (Maroc)",https://www.rekrute.com/offre-emploi-coordinateur-de-projet-recrutement-claes-medical-service-casablanca-176233.html,"","","16/10/2025","16/12/2025","1"
"Responsable Logistique | Agadir (Maroc)",https://www.rekrute.com/offre-emploi-responsable-logistique-recrutement-cap-agro-agadir-176232.html,"","","16/10/2025","16/12/2025","1"
"- Géologue de production – Mine à ciel ouvert (Open Pit) | Taliouine (Maroc)",https://www.rekrute.com/offre-emploi--geologue-de-production-mine-a-ciel-ouvert-open-pit-recrutement-aya-gold-silver-taliouine-176229.html,"","","16/10/2025","16/12/2025","1"
"¡tu oportunidad para crecer hablando español en tánger! | Tanger (Maroc)",https://www.rekrute.com/offre-emploi-tu-oportunidad-para-crecer-hablando-espanol-en-tanger-recrutement-foundever-ex-sitel-group-tanger-176227.html,"","","16/10/2025","16/12/2025","10"
"Conseiller Commercial AUDI (H/F) | Casablanca (Maroc)",https://www.rekrute.com/offre-emploi-conseiller-commercial-audi-hf-recrutement-cac-centrale-automobile-cherifienne-casablanca-176224.html,"","","16/10/2025","16/12/2025","1"
"Stagiaire SAM (Software Asset Management) | Casablanca (Maroc)",https://www.rekrute.com/offre-emploi-stagiaire-sam-software-asset-management-recrutement-deloitte-extended-services-casablanca-176223.html,"","","16/10/2025","16/12/2025","3"
"Responsable d'exécution des projets | CASABLANCA (Maroc)",https://www.rekrute.com/offre-emploi-responsable-dexecution-des-projets-recrutement-claes-medical-service-casablanca-176222.html,"","","16/10/2025","16/12/2025","1"
"Consultant Actuaire (Stage PFE) (H/F) | casablanca (Maroc)",https://www.rekrute.com/offre-emploi-consultant-actuaire-stage-pfe-hf-recrutement-deloitte-extended-services-casablanca-167756.html,"","","16/10/2025","16/12/2025","20"
"Junior Brand Manager H/F | Casablanca (Maroc)",https://www.rekrute.com/offre-emploi-junior-brand-manager-hf-recrutement-richbond-casablanca-176221.html,"","","16/10/2025","16/12/2025","1"
"Stagiaire en Recrutement et Administration RH (H/F) | Rabat (Maroc)",https://www.rekrute.com/offre-emploi-stagiaire-en-recrutement-et-administration-rh-hf-recrutement-fondation-arrawaj-rabat-176220.html,"","","16/10/2025","16/12/2025","1"
"Chargé(e) d'affaires réglementaires | Casablanca (Maroc)",https://www.rekrute.com/offre-emploi-chargee-daffaires-reglementaires-recrutement-claes-medical-service-casablanca-176219.html,"","","16/10/2025","16/12/2025","2"
"Chargé(e) RH | Rabat (Maroc)",https://www.rekrute.com/offre-emploi-chargee-rh-recrutement-alten-maroc-rabat-176217.html,"","","16/10/2025","16/12/2025","16/12/2025"
"Billing Coordinator/Senior Analyst (H/F) | Casablanca (Maroc)",https://www.rekrute.com/offre-emploi-billing-coordinatorsenior-analyst-hf-recrutement-deloitte-extended-services-casablanca-176214.html,"","","16/10/2025","16/12/2025","3"
"Consultant Junior Actuaire (H/F) | Casablanca (Maroc)",https://www.rekrute.com/offre-emploi-consultant-junior-actuaire-hf-recrutement-deloitte-extended-services-casablanca-176212.html,"","","16/10/2025","16/12/2025","3"
"Sénior Consultant HR Transformation (SIRH) | Casablanca (Maroc)",https://www.rekrute.com/offre-emploi-senior-consultant-hr-transformation-sirh-recrutement-deloitte-extended-services-casablanca-176211.html,"","","16/10/2025","16/12/2025","3"
"Contrôleur de Gestion | Casablanca (Maroc)",https://www.rekrute.com/offre-emploi-controleur-de-gestion-recrutement-m-automotiv-casablanca-176206.html,"","","15/10/2025","15/12/2025","1"
"Commercial Automobile | Casablanca (Maroc)",https://www.rekrute.com/offre-emploi-commercial-automobile-recrutement-m-automotiv-casablanca-176205.html,"","","15/10/2025","15/12/2025","5"
"Chef de Vente Automobile | Casablanca (Maroc)",https://www.rekrute.com/offre-emploi-chef-de-vente-automobile-recrutement-m-automotiv-casablanca-176203.html,"","","15/10/2025","15/12/2025","3"
"Medecin Géneraliste | Benguerir (Maroc)",https://www.rekrute.com/offre-emploi-medecin-generaliste-recrutement-um6p---universite-mohammed-vi-polytechnique-benguerir-176202.html,"","","15/10/2025","15/12/2025","15/12/2025"
"Chef d'agence-Driouech | Nador (Maroc)",https://www.rekrute.com/offre-emploi-chef-dagence-driouech-recrutement-fondation-arrawaj-nador-176201.html,"","","15/10/2025","15/12/2025","1"
"Ingénieur Amélioration Continue | Nouaceur (Maroc)",https://www.rekrute.com/offre-emploi-ingenieur-amelioration-continue-recrutement-confidentiel-nouaceur-176200.html,"","","15/10/2025","15/12/2025","2"
"Chargé de portefeuille | Dakhla (Maroc)",https://www.rekrute.com/offre-emploi-charge-de-portefeuille-recrutement-fondation-arrawaj-dakhla-176198.html,"","","15/10/2025","15/12/2025","5"
"Responsable Études Sénior- Industrie (H/F) | Casablanca (Maroc)",https://www.rekrute.com/offre-emploi-responsable-etudes-senior--industrie-hf-recrutement-vinci-energies-afrique-de-louest-casablanca-176197.html,"","","15/10/2025","15/12/2025","2"
"Architecte Cloud & Big Data (F/H) | Casablanca (Maroc)",https://www.rekrute.com/offre-emploi-architecte-cloud-big-data-fh-recrutement-sofrecom-maroc-casablanca-176196.html,"","","15/10/2025","15/12/2025","1"
"Responsable d'Affaires Industrie Sénior (H/F) | Casablanca (Maroc)",https://www.rekrute.com/offre-emploi-responsable-daffaires-industrie-senior-hf-recrutement-vinci-energies-afrique-de-louest-casablanca-176195.html,"","","15/10/2025","15/12/2025","3"
"Academic Services Officer | Benguerir (Maroc)",https://www.rekrute.com/offre-emploi-academic-services-officer-recrutement-um6p---universite-mohammed-vi-polytechnique-benguerir-176193.html,"","","15/10/2025","15/12/2025","1"
"Analyste junior Risques et Conflits d'Intérêt F/H | Casablanca-Settat, Maroc (Maroc)",https://www.rekrute.com/offre-emploi-analyste-junior-risques-et-conflits-dinteret-fh-recrutement-deloitte-extended-services-casablanca-settat-maroc-176191.html,"","","15/10/2025","15/12/2025","1"
"Architect Java/Angular (F/H) | Rabat (Maroc)",https://www.rekrute.com/offre-emploi-architect-javaangular-fh-recrutement-cgi-technologies-et-solutions-maroc-rabat-176189.html,"","","15/10/2025","15/12/2025","2"
"ServiceNow Software Engineer Expérimenté(e) F/H | Casablanca-Settat, Maroc (Maroc)",https://www.rekrute.com/offre-emploi-servicenow-software-engineer-experimentee-fh-recrutement-deloitte-extended-services-casablanca-settat-maroc-176188.html,"","","15/10/2025","15/12/2025","1"
"Master Data Analyst (H/F) | Casablanca (Maroc)",https://www.rekrute.com/offre-emploi-master-data-analyst-hf-recrutement-maroc-climate-and-security-mcs---carrier-casablanca-176187.html,"","","15/10/2025","15/12/2025","2"
"Assistant(e) RH junior F/H | Casablanca-Settat, Maroc (Maroc)",https://www.rekrute.com/offre-emploi-assistante-rh-junior-fh-recrutement-deloitte-extended-services-casablanca-settat-maroc-176186.html,"","","15/10/2025","15/12/2025","1"
"Responsable d'Affaires Fluides (H/F) | Cotonou (Bénin)",https://www.rekrute.com/offre-emploi-responsable-daffaires-fluides-hf-recrutement-vinci-energies-afrique-de-louest-cotonou-176185.html,"","","15/10/2025","15/12/2025","1"
"Commercial terrain – Palettes (secteur industrie alimentaire) | sidi rahal (Maroc)",https://www.rekrute.com/offre-emploi-commercial-terrain-palettes-secteur-industrie-alimentaire-recrutement-manpower-agences-sidi-rahal-176184.html,"","","15/10/2025","15/12/2025","1"
"Ingénieur logistique H/F-Tit Mellil | Tit Mellil (Maroc)",https://www.rekrute.com/offre-emploi-ingenieur-logistique-hf-tit-mellil-recrutement-confidentiel-tit-mellil-176183.html,"","","15/10/2025","15/12/2025","1"
"Bilingual team manager (FR/EN) | Casablanca (Maroc)",https://www.rekrute.com/offre-emploi-bilingual-team-manager-fren-recrutement-cnexia-casablanca-176180.html,"","","15/10/2025","15/12/2025","2"
"Responsable d'exploitation - Benguerir | Benguerir (Maroc)",https://www.rekrute.com/offre-emploi-responsable-dexploitation---benguerir-recrutement-um6p---universite-mohammed-vi-polytechnique-benguerir-176178.html,"","","15/10/2025","15/12/2025","1"
"Stagiaire AutoCAD | Casablanca (Maroc)",https://www.rekrute.com/offre-emploi-stagiaire-autocad-recrutement-sbm---societe-des-boissons-du-maroc-casablanca-176177.html,"","","15/10/2025","15/12/2025","1"
"Ingénieur DevOps (H/F) | Casablanca - Rabat (Maroc)",https://www.rekrute.com/offre-emploi-ingenieur-devops-hf-recrutement-sofrecom-maroc-casablanca---rabat-176175.html,"","","15/10/2025","15/12/2025","15/12/2025"
"Ingénieur Industriel Opérateur de Systèmes (ERP) Anglophone | Sidi Rahal (Maroc)",https://www.rekrute.com/offre-emploi-ingenieur-industriel-operateur-de-systemes-erp-anglophone-recrutement-xcdm-maroc-sidi-rahal-176173.html,"","","15/10/2025","15/12/2025","1"
"Assistant(e) Commercial(e) | Casablanca - Zenata (Maroc)",https://www.rekrute.com/offre-emploi-assistante-commerciale-recrutement-xcdm-maroc-casablanca---zenata-176172.html,"","","15/10/2025","15/12/2025","1"
"Concepteur Développeur Python (F/H) | Rabat (Maroc)",https://www.rekrute.com/offre-emploi-concepteur-developpeur-python-fh-recrutement-sofrecom-maroc-rabat-176166.html,"","","15/10/2025","15/12/2025","1"
"Architecte (F/H) | Rabat (Maroc)",https://www.rekrute.com/offre-emploi-architecte-fh-recrutement-sofrecom-maroc-rabat-176165.html,"","","15/10/2025","15/12/2025","1"
"Ingénieur réseau & sécurité (F/H) | Technopolis (Maroc)",https://www.rekrute.com/offre-emploi-ingenieur-reseau-securite-fh-recrutement-sofrecom-maroc-technopolis-176164.html,"","","15/10/2025","15/12/2025","10"
"Comptable Experimenté | Mohammédia (Maroc)",https://www.rekrute.com/offre-emploi-comptable-experimente-recrutement-confidentiel-mohammedia-176153.html,"","","15/10/2025","15/12/2025","1"
"Chef Comptable Experimenté | Mohammédia (Maroc)",https://www.rekrute.com/offre-emploi-chef-comptable-experimente-recrutement-confidentiel-mohammedia-176151.html,"","","15/10/2025","15/12/2025","1"
"Conseiller en Réception d’Appels (H/F) | Fès (Maroc)",https://www.rekrute.com/offre-emploi-conseiller-en-reception-dappels-hf-recrutement-tersea-fes-176161.html,"","","14/10/2025","14/12/2025","15"
"Manager Marketing (H/F) | Kénitra (Maroc)",https://www.rekrute.com/offre-emploi-manager-marketing-hf-recrutement-domino-hr-morocco-kenitra-176159.html,"","","14/10/2025","14/12/2025","1"
"Consultant scientifique en financement de l'innovation | Casablanca (Maroc)",https://www.rekrute.com/offre-emploi-consultant-scientifique-en-financement-de-linnovation-recrutement-deloitte-extended-services-casablanca-176156.html,"","","14/10/2025","14/12/2025","3"
"Product Development Engineer | Tangiers (Maroc)",https://www.rekrute.com/offre-emploi-product-development-engineer-recrutement-alpla-tangiers-176155.html,"","","14/10/2025","14/12/2025","1"
"Consultant Fonctionnel "Confirmé" à "Senior" - Finance Transactionnelle « P2P, O2C, R2R » | Casablanca (Maroc)",https://www.rekrute.com/offre-emploi-consultant-fonctionnel-confirme-a-senior---finance-transactionnelle-p2p-o2c-r2r-recrutement-deloitte-extended-services-casablanca-176154.html,"","","14/10/2025","14/12/2025","5"
"Ingénieur Chargé de Sites (H/F) | Rabat (Maroc)",https://www.rekrute.com/offre-emploi-ingenieur-charge-de-sites-hf-recrutement-sorec-rabat-176152.html,"","","14/10/2025","14/12/2025","1"
"Ingénieur Process (H/F) | Tanger (Maroc)",https://www.rekrute.com/offre-emploi-ingenieur-process-hf-recrutement-domino-hr-morocco-tanger-176011.html,"","","14/10/2025","09/12/2025","1"
"Project Scheduler | Kénitra (Maroc)",https://www.rekrute.com/offre-emploi-project-scheduler-recrutement-domino-hr-morocco-kenitra-176150.html,"","","14/10/2025","14/12/2025","1"
"Scientist in Environmental Engineering and Biotechnology | Benguerir (Maroc)",https://www.rekrute.com/offre-emploi-scientist-in-environmental-engineering-and-biotechnology-recrutement-um6p---universite-mohammed-vi-polytechnique-benguerir-176148.html,"","","14/10/2025","14/12/2025","1"
"Project Manager Full Stack | Benguerir (Maroc)",https://www.rekrute.com/offre-emploi-project-manager-full-stack-recrutement-um6p---universite-mohammed-vi-polytechnique-benguerir-176149.html,"","","14/10/2025","14/12/2025","1"
"Pedagogical Manager-LIMSET | Benguerir (Maroc)",https://www.rekrute.com/offre-emploi-pedagogical-manager-limset-recrutement-um6p---universite-mohammed-vi-polytechnique-benguerir-176147.html,"","","14/10/2025","14/12/2025","1"
"Purchaser | Tangiers (Maroc)",https://www.rekrute.com/offre-emploi-purchaser-recrutement-alpla-tangiers-176145.html,"","","14/10/2025","14/12/2025","1"
"Comptable | Casablanca (Maroc)",https://www.rekrute.com/offre-emploi-comptable-recrutement-domino-hr-morocco-casablanca-176144.html,"","","14/10/2025","14/12/2025","14/12/2025"
"Chef Magasinier | Had Soualem (Maroc)",https://www.rekrute.com/offre-emploi-chef-magasinier-recrutement-best-biscuits-maroc-had-soualem-176142.html,"","","14/10/2025","14/12/2025","1"
"Java Developer | Rabat (Maroc)",https://www.rekrute.com/offre-emploi-java-developer-recrutement-cnexia-tech-rabat-176141.html,"","","14/10/2025","14/12/2025","1"
"Ingénieur réseau & sécurité (F/H) | Rabat (Maroc)",https://www.rekrute.com/offre-emploi-ingenieur-reseau-securite-fh-recrutement-sofrecom-maroc-rabat-176139.html,"","","14/10/2025","14/12/2025","14/12/2025"
"Business Data Analyst (H/F) | Rabat (Maroc)",https://www.rekrute.com/offre-emploi-business-data-analyst-hf-recrutement-sorec-rabat-176138.html,"","","14/10/2025","14/12/2025","1"
"Consultant Expérimenté Audit des Systèmes d’Information (H/F) | Casablanca (Maroc)",https://www.rekrute.com/offre-emploi-consultant-experimente-audit-des-systemes-dinformation-hf-recrutement-deloitte-extended-services-casablanca-176135.html,"","","14/10/2025","14/12/2025","3"
"Chef de Produit – Appels d’Offres (Secteur Médical) | Casablanca (Maroc)",https://www.rekrute.com/offre-emploi-chef-de-produit-appels-doffres-secteur-medical-recrutement-claes-medical-service-casablanca-176130.html,"","","14/10/2025","14/12/2025","1"
"Team Leader Digital Marketing (H/F) | Casablanca (Maroc)",https://www.rekrute.com/offre-emploi-team-leader-digital-marketing-hf-recrutement-maroc-climate-and-security-mcs---carrier-casablanca-176129.html,"","","14/10/2025","14/12/2025","1"
"ExeKutive",https://www.rekrute.com/exek,"","","14/10/2025","22/12/2025","22/12/2025"
"Stage en Fiscalité Individuelle & Mobilité internationale F/H | Casablanca (Maroc)",https://www.rekrute.com/offre-emploi-stage-en-fiscalite-individuelle-mobilite-internationale-fh-recrutement-deloitte-extended-services-casablanca-176128.html,"","","14/10/2025","14/12/2025","2"
"Développeur Web & Data (H/F) | Bouskoura (Maroc)",https://www.rekrute.com/offre-emploi-developpeur-web-data-hf-recrutement-foods-and-goods-bouskoura-176127.html,"","","14/10/2025","14/12/2025","1"
"Consultant Oracle Software Asset Management (H/F) | Casablanca (Maroc)",https://www.rekrute.com/offre-emploi-consultant-oracle-software-asset-management-hf-recrutement-deloitte-extended-services-casablanca-176126.html,"","","14/10/2025","14/12/2025","3"
"Responsable Travaux et Maintenance | Casablanca (Maroc)",https://www.rekrute.com/offre-emploi-responsable-travaux-et-maintenance-recrutement-orh-assessment-casablanca-176123.html,"","","14/10/2025","14/12/2025","1"
"Commercial (H/F) | Casablanca - (Maroc)",https://www.rekrute.com/offre-emploi-commercial-hf-recrutement-confidentiel-casablanca---176070.html,"","","14/10/2025","11/12/2025","3"
"Coordinateur(trice) Import (H/F) | Bouskoura (Maroc)",https://www.rekrute.com/offre-emploi-coordinateurtrice-import-hf-recrutement-foods-and-goods-bouskoura-176117.html,"","","14/10/2025","14/12/2025","1"
"Analyste Compensation & Risques | Casablanca (Maroc)",https://www.rekrute.com/offre-emploi-analyste-compensation-risques-recrutement-bourse-de-casablanca-casablanca-176030.html,"","","14/10/2025","09/12/2025","1"
"Operations Manager | Rabat (Maroc)",https://www.rekrute.com/offre-emploi-operations-manager-recrutement-um6p---universite-mohammed-vi-polytechnique-rabat-176114.html,"","","13/10/2025","13/12/2025","1"
"Gestionnaire ADV ou Assistante Commerciale | casablanca (Maroc)",https://www.rekrute.com/offre-emploi-gestionnaire-adv-ou-assistante-commerciale-recrutement-be-one-consulting-casablanca-176113.html,"","","13/10/2025","13/12/2025","1"
"Automaticien (H/F) | Casablanca (Maroc)",https://www.rekrute.com/offre-emploi-automaticien-hf-recrutement-lesieur-cristal-casablanca-176110.html,"","","13/10/2025","13/12/2025","1"
"Agent Support N1 (F/H) | Fès (Maroc)",https://www.rekrute.com/offre-emploi-agent-support-n1-fh-recrutement-cgi-technologies-et-solutions-maroc-fes-176108.html,"","","13/10/2025","13/12/2025","13/12/2025"
"Responsable Abattage (H/F) | Casablanca (Maroc)",https://www.rekrute.com/offre-emploi-responsable-abattage-hf-recrutement-carl-rogers-consulting-casablanca-176106.html,"","","13/10/2025","13/12/2025","1"
"Space Management Officer | Benguerir (Maroc)",https://www.rekrute.com/offre-emploi-space-management-officer-recrutement-um6p---universite-mohammed-vi-polytechnique-benguerir-176101.html,"","","13/10/2025","13/12/2025","1"
"Space & Digital Access Officer | Benguerir (Maroc)",https://www.rekrute.com/offre-emploi-space-digital-access-officer-recrutement-um6p---universite-mohammed-vi-polytechnique-benguerir-176102.html,"","","13/10/2025","13/12/2025","1"
"Asesores de servicio al cliente hispanohablantes - posibilidad de teletrabajo asegurada | Tanger (Maroc)",https://www.rekrute.com/offre-emploi-asesores-de-servicio-al-cliente-hispanohablantes---posibilidad-de-teletrabajo-asegurada-recrutement-foundever-ex-sitel-group-tanger-176088.html,"","","13/10/2025","13/12/2025","13/12/2025"
"Stage Préembauche en Comptabilité | Casablanca (Maroc)",https://www.rekrute.com/offre-emploi-stage-preembauche-en-comptabilite-recrutement-moore-casablanca-casablanca-176087.html,"","","13/10/2025","13/12/2025","4"
"Chef d'Agence Adjoint (H/F) | Meknès (Maroc)",https://www.rekrute.com/offre-emploi-chef-dagence-adjoint-hf-recrutement-sorec-meknes-176084.html,"","","13/10/2025","13/12/2025","1"
"Chef d'Agence Adjoint (H/F) | Berkane (Maroc)",https://www.rekrute.com/offre-emploi-chef-dagence-adjoint-hf-recrutement-sorec-berkane-176082.html,"","","13/10/2025","13/12/2025","1"
"Chargé(e) de Développement RH H/F | Salé (Maroc)",https://www.rekrute.com/offre-emploi-chargee-de-developpement-rh-hf-recrutement-universite-internationale-de-rabat-uir-sale-176080.html,"","","13/10/2025","13/12/2025","1"
"Chargé Affaire Tolerie | Tanger (Maroc)",https://www.rekrute.com/offre-emploi-charge-affaire-tolerie-recrutement-akkodis-maroc-tanger-176075.html,"","","13/10/2025","13/12/2025","1"
"Implanteur | Tanger (Maroc)",https://www.rekrute.com/offre-emploi-implanteur-recrutement-akkodis-maroc-tanger-176074.html,"","","13/10/2025","13/12/2025","2"
"Student Engagement Officer | Ifrane (Maroc)",https://www.rekrute.com/offre-emploi-student-engagement-officer-recrutement-al-akhawayn-university-ifrane-176073.html,"","","13/10/2025","13/12/2025","1"
"Chargé (e) HSE – secteur Textile | Tanger (Maroc)",https://www.rekrute.com/offre-emploi-charge-e-hse-secteur-textile-recrutement-domino-hr-morocco-tanger-176054.html,"","","13/10/2025","10/12/2025","1"
"Foundever recrute un (1) Operations Manager pour son site à Casablanca. | Casablanca (Maroc)",https://www.rekrute.com/offre-emploi-foundever-recrute-un-1-operations-manager-pour-son-site-a-casablanca.-recrutement-foundever-ex-sitel-group-casablanca-176068.html,"","","10/10/2025","10/12/2025","1"
"Responsable Qualité, Conformité et Environnement H/F | Rabat (Maroc)",https://www.rekrute.com/offre-emploi-responsable-qualite-conformite-et-environnement-hf-recrutement-universite-internationale-de-rabat-uir-rabat-176065.html,"","","10/10/2025","10/12/2025","1"
"Financial Administrator Officer | Casablanca (Maroc)",https://www.rekrute.com/offre-emploi-financial-administrator-officer-recrutement-akkodis-maroc-casablanca-176063.html,"","","10/10/2025","10/12/2025","1"
"Contrôleur de Gestion Senior (H/F) | Casablanca (Maroc)",https://www.rekrute.com/offre-emploi-controleur-de-gestion-senior-hf-recrutement-orh-assessment-casablanca-176062.html,"","","10/10/2025","10/12/2025","1"
"Technician in Chemical Preparation and Analysis | Benguerir (Maroc)",https://www.rekrute.com/offre-emploi-technician-in-chemical-preparation-and-analysis-recrutement-um6p---universite-mohammed-vi-polytechnique-benguerir-176056.html,"","","10/10/2025","10/12/2025","1"
"Platform manager | Benguerir (Maroc)",https://www.rekrute.com/offre-emploi-platform-manager-recrutement-um6p---universite-mohammed-vi-polytechnique-benguerir-176057.html,"","","10/10/2025","10/12/2025","1"
"Project Management Officer | Benguerir (Maroc)",https://www.rekrute.com/offre-emploi-project-management-officer-recrutement-um6p---universite-mohammed-vi-polytechnique-benguerir-176058.html,"","","10/10/2025","10/12/2025","1"
"Support IT Desk Neerlandophone | Casablanca (Maroc)",https://www.rekrute.com/offre-emploi-support-it-desk-neerlandophone-recrutement-bouygues-construction-it-casablanca-176059.html,"","","10/10/2025","10/12/2025","1"
"Téléconseillers (chargée de placement) b2b – cdi + week-ends libres à Casablanca | Casablanca (Maroc)",https://www.rekrute.com/offre-emploi-teleconseillers-chargee-de-placement-b2b-cdi-week-ends-libres-a-casablanca-recrutement-infinitas-casablanca-176055.html,"","","10/10/2025","10/12/2025","10"
"Commercial | Casablanca (Maroc)",https://www.rekrute.com/offre-emploi-commercial-recrutement-distamed-sarl-casablanca-176052.html,"","","10/10/2025","10/12/2025","10/12/2025"
"Chef d'equipe assemblage F/H | Nouaceur (Maroc)",https://www.rekrute.com/offre-emploi-chef-dequipe-assemblage-fh-recrutement-safran-nacelles-nouaceur-176049.html,"","","10/10/2025","10/12/2025","3"
"Consultant(e) SAP PP (H/F) | Rabat (Maroc)",https://www.rekrute.com/offre-emploi-consultante-sap-pp-hf-recrutement-afd.tech-rabat-176048.html,"","","10/10/2025","10/12/2025","10/12/2025"
"Consultant(e) Ingénieur Intégration (H/F) | Rabat (Maroc)",https://www.rekrute.com/offre-emploi-consultante-ingenieur-integration-hf-recrutement-afd.tech-rabat-176047.html,"","","10/10/2025","10/12/2025","1"
"Stagiaire développement RH | Casablanca (Maroc)",https://www.rekrute.com/offre-emploi-stagiaire-developpement-rh-recrutement-crouzet-casablanca-176044.html,"","","10/10/2025","10/12/2025","1"
"Application Support Specialist | Rabat (Maroc)",https://www.rekrute.com/offre-emploi-application-support-specialist-recrutement-cnexia-tech-rabat-176037.html,"","","10/10/2025","10/12/2025","1"
"Administrateur (SI) H/F | Meknès (Maroc)",https://www.rekrute.com/offre-emploi-administrateur-si-hf-recrutement-confidentiel-meknes-176034.html,"","","10/10/2025","10/12/2025","2"
"Ingénieur Lean | Nouaceur (Maroc)",https://www.rekrute.com/offre-emploi-ingenieur-lean-recrutement-confidentiel-nouaceur-176032.html,"","","10/10/2025","10/12/2025","2"
"Senior Instrumentation Engineer | Benguerir (Maroc)",https://www.rekrute.com/offre-emploi-senior-instrumentation-engineer-recrutement-um6p---universite-mohammed-vi-polytechnique-benguerir-175733.html,"","","10/10/2025","10/12/2025","1"
"Project Management Partner M/F | Benguerir (Maroc)",https://www.rekrute.com/offre-emploi-project-management-partner-mf-recrutement-um6p---universite-mohammed-vi-polytechnique-benguerir-175831.html,"","","10/10/2025","10/12/2025","1"
"Analyste Admission & Opérations Financières | Casablanca (Maroc)",https://www.rekrute.com/offre-emploi-analyste-admission-operations-financieres-recrutement-bourse-de-casablanca-casablanca-176029.html,"","","09/10/2025","09/12/2025","1"
"Chargé(e) Développement Marché | Casablanca (Maroc)",https://www.rekrute.com/offre-emploi-chargee-developpement-marche-recrutement-bourse-de-casablanca-casablanca-176028.html,"","","09/10/2025","09/12/2025","1"
"Ingénieur MRB – Composites | Nouaceur (Maroc)",https://www.rekrute.com/offre-emploi-ingenieur-mrb-composites-recrutement-orh-assessment-nouaceur-176027.html,"","","09/10/2025","09/12/2025","1"
"Ingénieur Méthodes | Nouaceur (Maroc)",https://www.rekrute.com/offre-emploi-ingenieur-methodes-recrutement-orh-assessment-nouaceur-176026.html,"","","09/10/2025","09/12/2025","1"
"Chargé(e) de Formation – École de la Bourse | Casablanca (Maroc)",https://www.rekrute.com/offre-emploi-chargee-de-formation-ecole-de-la-bourse-recrutement-bourse-de-casablanca-casablanca-176025.html,"","","09/10/2025","09/12/2025","1"
"Caissier(ère) (H/F) | Oujda (Maroc)",https://www.rekrute.com/offre-emploi-caissierere-hf-recrutement-confidentiel-oujda-165427.html,"","","09/10/2025","09/12/2025","1"
"Traffic & Data Analyst | Casablanca (Maroc)",https://www.rekrute.com/offre-emploi-traffic-data-analyst-recrutement-cac-centrale-automobile-cherifienne-casablanca-176023.html,"","","09/10/2025","09/12/2025","1"
"Responsable Formation | Casablanca (Maroc)",https://www.rekrute.com/offre-emploi-responsable-formation-recrutement-hp-search-casablanca-176021.html,"","","09/10/2025","09/12/2025","1"
"Chef de projet immobilier confirmé H/F | Rabat (Maroc)",https://www.rekrute.com/offre-emploi-chef-de-projet-immobilier-confirme-hf-recrutement-universite-internationale-de-rabat-uir-rabat-176020.html,"","","09/10/2025","09/12/2025","1"
"Business Leader - Casablanca | Casablanca (Maroc)",https://www.rekrute.com/offre-emploi-business-leader---casablanca-recrutement-confidentiel-casablanca-176010.html,"","","09/10/2025","09/12/2025","1"
"Gestionnaire d'Affaires | Casablanca (Maroc)",https://www.rekrute.com/offre-emploi-gestionnaire-daffaires-recrutement-manpower-agences-casablanca-176009.html,"","","09/10/2025","09/12/2025","2"
"Gestionnaire de compte | Casablanca (Maroc)",https://www.rekrute.com/offre-emploi-gestionnaire-de-compte-recrutement-manpower-agences-casablanca-176008.html,"","","09/10/2025","09/12/2025","8"
"IT Tech Team Lead | Rabat (Maroc)",https://www.rekrute.com/offre-emploi-it-tech-team-lead-recrutement-cnexia-rabat-176006.html,"","","09/10/2025","09/12/2025","1"
"Specialiste achats | Casablanca (Maroc)",https://www.rekrute.com/offre-emploi-specialiste-achats-recrutement-cnexia-casablanca-176007.html,"","","09/10/2025","09/12/2025","1"
"Responsable logistique import et export | Casablanca (Maroc)",https://www.rekrute.com/offre-emploi-responsable-logistique-import-et-export-recrutement-aya-gold-silver-casablanca-176002.html,"","","09/10/2025","09/12/2025","1"
"Planning Specialist (Textile automobile) | Tanger (Maroc)",https://www.rekrute.com/offre-emploi-planning-specialist-textile-automobile-recrutement-domino-hr-morocco-tanger-176001.html,"","","09/10/2025","09/12/2025","1"
"Consultant SAP EWM/WM | Préfecture de Casablanca, Casablanca-Settat, Maroc (Maroc)",https://www.rekrute.com/offre-emploi-consultant-sap-ewmwm-recrutement-inetum-prefecture-de-casablanca-casablanca-settat-maroc-176000.html,"","","09/10/2025","09/12/2025","1"
"Consultant SAP FI CO | Préfecture de Casablanca, Casablanca-Settat, Maroc (Maroc)",https://www.rekrute.com/offre-emploi-consultant-sap-fi-co-recrutement-inetum-prefecture-de-casablanca-casablanca-settat-maroc-175999.html,"","","09/10/2025","09/12/2025","1"
"Consultant SAP SD | Préfecture de Casablanca, Casablanca-Settat, Maroc (Maroc)",https://www.rekrute.com/offre-emploi-consultant-sap-sd-recrutement-inetum-prefecture-de-casablanca-casablanca-settat-maroc-175998.html,"","","09/10/2025","09/12/2025","1"
"Sales Development Representative (US market, English-Speaking) | Casablanca (Maroc)",https://www.rekrute.com/offre-emploi-sales-development-representative-us-market-english-speaking-recrutement-leyton-casablanca-175997.html,"","","09/10/2025","09/12/2025","1"
"Consultant technique SAP ABAP | Préfecture de Casablanca, Casablanca-Settat, Maroc (Maroc)",https://www.rekrute.com/offre-emploi-consultant-technique-sap-abap-recrutement-inetum-prefecture-de-casablanca-casablanca-settat-maroc-175996.html,"","","09/10/2025","09/12/2025","1"
"Directeur(trice) Capital Humain _ DIRECTION DU CAPITAL HUMAIN | Rabat (Maroc)",https://www.rekrute.com/offre-emploi-directeurtrice-capital-humain-_-direction-du-capital-humain-recrutement-huir---lhopital-universitaire-international-de-rabat-rabat-173987.html,"","","09/10/2025","09/12/2025","1"
"Ingénieur VBA / Power BI (H/F) | Rabat (Espagne)",https://www.rekrute.com/offre-emploi-ingenieur-vba-power-bi-hf-recrutement-alten-maroc-rabat-175995.html,"","","09/10/2025","09/12/2025","1"
"IT and Service Architect Senior | Rabat (Maroc)",https://www.rekrute.com/offre-emploi-it-and-service-architect-senior-recrutement-orange-business-rabat-175994.html,"","","09/10/2025","09/12/2025","1"
"Chargé(e) de Communication VOLKSWAGEN | Casablanca (Maroc)",https://www.rekrute.com/offre-emploi-chargee-de-communication-volkswagen-recrutement-cac-centrale-automobile-cherifienne-casablanca-175991.html,"","","09/10/2025","09/12/2025","1"
"Quality Assurance Engineer | Casablanca (Maroc)",https://www.rekrute.com/offre-emploi-quality-assurance-engineer-recrutement-air-arabia-casablanca-175992.html,"","","09/10/2025","09/12/2025","09/12/2025"
"Adjoint Responsable Réseau | Casablanca (Maroc)",https://www.rekrute.com/offre-emploi-adjoint-responsable-reseau-recrutement-cac-centrale-automobile-cherifienne-casablanca-175990.html,"","","09/10/2025","09/12/2025","1"
"Chargé HSE H/F | Casablanca (Maroc)",https://www.rekrute.com/offre-emploi-charge-hse-hf-recrutement-confidentiel-casablanca-175988.html,"","","09/10/2025","09/12/2025","1"
"Customer Relation Coworker - Part time contract | Mohammédia (Maroc)",https://www.rekrute.com/offre-emploi-customer-relation-coworker---part-time-contract-recrutement-ikea-maroc-mohammedia-175984.html,"","","09/10/2025","09/12/2025","1"
"Ingénieur Maintenance Spécialité Fluides H/F | Rabat (Maroc)",https://www.rekrute.com/offre-emploi-ingenieur-maintenance-specialite-fluides-hf-recrutement-huir---lhopital-universitaire-international-de-rabat-rabat-175556.html,"","","09/10/2025","09/12/2025","1"
"Conseiller Commercial VW (H/F) | Casablanca (Maroc)",https://www.rekrute.com/offre-emploi-conseiller-commercial-vw-hf-recrutement-cac-centrale-automobile-cherifienne-casablanca-175983.html,"","","09/10/2025","09/12/2025","1"
"Back office English Speaker (TPO) H/F | Casablanca (Maroc)",https://www.rekrute.com/offre-emploi-back-office-english-speaker-tpo-hf-recrutement-maroc-climate-and-security-mcs---carrier-casablanca-175982.html,"","","09/10/2025","09/12/2025","2"
"ExeKutive",https://www.rekrute.com/exek,"","","07/10/2025","07/01/2026","1"
"ExeKutive",https://www.rekrute.com/exek,"","","06/10/2025","06/01/2026","1"
"ExeKutive",https://www.rekrute.com/exek,"","","01/10/2025","01/01/2026","1"
"ExeKutive",https://www.rekrute.com/exek,"","","09/09/2025","09/12/2025","1"
"Submit Your Spontaneous Application and Join Stellantis ! | Casablanca (Maroc)",https://www.rekrute.com/offre-emploi-submit-your-spontaneous-application-and-join-stellantis-recrutement-stellantis-casablanca-168605.html,"","","19/02/2025","19/02/2026","20"
"Déposez votre Candidature Spontanée | Tout le Maroc (Maroc)",https://www.rekrute.com/offre-emploi-deposez-votre-candidature-spontanee-recrutement-foods-and-goods-tout-le-maroc-158015.html,"","","22/01/2024","22/03/2027","30"
